Workbook

Sheet Por pcia
G1: 2026
G2: MES | H2: Nominal | K2: Porcentual
H3: NEUQUÉN | I3: RN | J3: Total | K3: NEUQUÉN | L3: RN | M3: Cotización U$S
G4: 1 | H4: =SUM('2026'!J3:N23) -> 621199538 | I4: =SUM('2026'!B3:I23) -> 528090445 | J4: =SUM(H4:I4) -> 1149289983 | K4: =H4/J4 -> 0.54050722 | L4: =I4/J4 -> 0.45949278 | M4: 1458.88 | N4: =J4/M4 -> 787789.25
G5: 2 | H5: =SUM('2026'!J27:N47) -> 402441103 | I5: =SUM('2026'!B27:I47) -> 484522502 | J5: =SUM(H5:I5) -> 886963605 | K5: =H5/J5 -> 0.45372899 | L5: =I5/J5 -> 0.54627101 | M5: 1441.19 | N5: =J5/M5 -> 615438.36
G6: 3 | H6: =SUM('2026'!J51:N71) -> 357402618 | I6: =SUM('2026'!B51:F71) -> 345293187 | J6: =SUM(H6:I6) -> 702695805 | K6: =H6/J6 -> 0.50861641 | L6: =I6/J6 -> 0.49138359 | M6: 1423.78 | N6: =J6/M6 -> 493542.4
G7: 4 | H7: =SUM('2026'!J75:M95) -> 363503529 | I7: =SUM('2026'!B75:I95) -> 384836491 | J7: =SUM(H7:I7) -> 748340020 | K7: =H7/J7 -> 0.48574648 | L7: =I7/J7 -> 0.51425352 | M7: 1442.43 | N7: =J7/M7 -> 518805.09
G8: 5 | H8: =SUM('2026'!J99:M119) -> 388526644 | I8: =SUM('2026'!B99:I119) -> 580381797 | J8: =SUM(H8:I8) -> 968908441 | K8: =H8/J8 -> 0.40099418 | L8: =I8/J8 -> 0.59900582 | M8: 1438.6 | N8: =J8/M8 -> 673507.88
G9: 6 | H9: =SUM('2026'!J123:N143) -> 535064137 | I9: =SUM('2026'!B123:I143) -> 611194686 | J9: =SUM(H9:I9) -> 1146258823 | K9: =H9/J9 -> 0.46679173 | L9: =I9/J9 -> 0.53320827 | M9: 1521.37 | N9: =J9/M9 -> 753438.56
G10: 7 | H10: =SUM('2026'!J147:N167) -> 70774160 | I10: =SUM('2026'!B147:I167) -> 169174731 | J10: =SUM(H10:I10) -> 239948891 | K10: =H10/J10 -> 0.29495515 | L10: =I10/J10 -> 0.70504485 | N10: =J10/M10 -> #DIV/0!
G11: 8 | K11: =H11/J11 -> #DIV/0! | L11: =I11/J11 -> #DIV/0! | N11: =J11/M11 -> #DIV/0!
G12: 9 | K12: =H12/J12 -> #DIV/0! | L12: =I12/J12 -> #DIV/0! | N12: =J12/M12 -> #DIV/0!
G13: 10 | K13: =H13/J13 -> #DIV/0! | L13: =I13/J13 -> #DIV/0! | N13: =J13/M13 -> #DIV/0!
G14: 11 | K14: =H14/J14 -> #DIV/0! | L14: =I14/J14 -> #DIV/0! | N14: =J14/M14 -> #DIV/0!
G15: 12 | K15: =H15/J15 -> #DIV/0! | L15: =I15/J15 -> #DIV/0! | N15: =J15/M15 -> #DIV/0!
G16: TOTAL ANUAL | H16: =SUM(H4:H14) -> 2738911729 | I16: =SUM(I4:I14) -> 3103493839 | J16: =SUM(H16:I16) -> 5842405568 | K16: =H16/J16 -> 0.46879863 | L16: =I16/J16 -> 0.53120137 | N16: =SUM(N4:N15) -> #DIV/0!
G19: 2025
G20: MES | H20: Nominal | K20: Porcentual
H21: NEUQUÉN | I21: RN | J21: Total | K21: NEUQUÉN | L21: RN
G22: 1 | H22: =SUM('2025'!K2:M22) -> 610603144 | I22: =SUM('2025'!B2:G22) -> 426029122 | J22: =SUM(H22:I22) -> 1036632266 | K22: =H22/J22 -> 0.58902579 | L22: =I22/J22 -> 0.41097421 | M22: 1164.89 | N22: =J22/M22 -> 889897.13
G23: 2 | H23: =SUM('2025'!J26:N46) -> 2.5600693e+08 | I23: =SUM('2025'!B26:G46) -> 4.0459826e+08 | J23: =SUM(H23:I23) -> 6.606052e+08 | K23: =H23/J23 -> 0.38753394 | L23: =I23/J23 -> 0.61246606 | M23: 1228.48 | N23: =J23/M23 -> 537741.92
G24: 3 | H24: =SUM('2025'!J50:N70) -> 2.8904159e+08 | I24: =SUM('2025'!B50:F70) -> 2.3067664e+08 | J24: =SUM(H24:I24) -> 5.1971823e+08 | K24: =H24/J24 -> 0.55615058 | L24: =I24/J24 -> 0.44384942 | M24: 1313.97 | N24: =J24/M24 -> 395532.8
G25: 4 | H25: =SUM('2025'!J74:N94) -> 311091570 | I25: =SUM('2025'!B74:G94) -> 322131725 | J25: =SUM(H25:I25) -> 633223295 | K25: =H25/J25 -> 0.49128257 | L25: =I25/J25 -> 0.50871743 | M25: 1183.37 | N25: =J25/M25 -> 535101.7
G26: 5 | H26: =SUM('2025'!J98:N118) -> 412393753 | I26: =SUM('2025'!B98:H118) -> 391409304 | J26: =SUM(H26:I26) -> 803803057 | K26: =H26/J26 -> 0.51305323 | L26: =I26/J26 -> 0.48694677 | M26: 1191.72 | N26: =J26/M26 -> 674489.86
G27: 6 | H27: =SUM('2025'!J122:N142) -> 412176563 | I27: =SUM('2025'!B122:G142) -> 337774396 | J27: =SUM(H27:I27) -> 749950959 | K27: =H27/J27 -> 0.54960469 | L27: =I27/J27 -> 0.45039531 | M27: 1211.1 | N27: =J27/M27 -> 619231.24
G28: 7 | H28: =SUM('2025'!J146:N166) -> 431986337 | I28: =SUM('2025'!B146:H166) -> 473997945 | J28: =SUM(H28:I28) -> 905984282 | K28: =H28/J28 -> 0.47681438 | L28: =I28/J28 -> 0.52318562 | M28: 1359.76 | N28: =J28/M28 -> 666282.49
G29: 8 | H29: =SUM('2025'!J170:N190) -> 431052237 | I29: =SUM('2025'!B170:H190) -> 1204135150 | J29: =SUM(H29:I29) -> 1635187387 | K29: =H29/J29 -> 0.2636103 | L29: =I29/J29 -> 0.7363897 | M29: 1357.34 | N29: =J29/M29 -> 1204699.9
G30: 9 | H30: =SUM('2025'!J194:M214) -> 382875824 | I30: =SUM('2025'!B194:G214) -> 415589717 | J30: =SUM(H30:I30) -> 798465541 | K30: =H30/J30 -> 0.47951452 | L30: =I30/J30 -> 0.52048548 | M30: 1494.02 | N30: =J30/M30 -> 534441
G31: 10 | H31: =SUM('2025'!J218:N238) -> 391952349 | I31: =SUM('2025'!B218:I238) -> 690747316 | J31: =SUM(H31:I31) -> 1082699665 | K31: =H31/J31 -> 0.36201392 | L31: =I31/J31 -> 0.63798608 | M31: 1477.46 | N31: =J31/M31 -> 732811.49
G32: 11 | H32: =SUM('2025'!J242:N262) -> 360492074 | I32: =SUM('2025'!B242:I262) -> 849966871 | J32: =SUM(H32:I32) -> 1210458945 | K32: =H32/J32 -> 0.29781437 | L32: =I32/J32 -> 0.70218563 | M32: 1476.42 | N32: =J32/M32 -> 819860.84
G33: 12 | H33: =SUM('2025'!J266:N286) -> 486112985 | I33: =SUM('2025'!B266:I286) -> 579165118 | J33: =SUM(H33:I33) -> 1065278103 | K33: =H33/J33 -> 0.45632496 | L33: =I33/J33 -> 0.54367504 | M33: 1492.01 | N33: =J33/M33 -> 713988.58
G34: TOTAL ANUAL | H34: =SUM(H22:H32) -> 4289672378 | I34: =SUM(I22:I32) -> 5747056444 | J34: =SUM(H34:I34) -> 10036728822 | K34: =H34/J34 -> 0.42739746 | L34: =I34/J34 -> 0.57260254 | N34: =SUM(N22:N33) -> 8324079
G36: 2024
G37: MES | H37: Nominal | K37: Porcentual
H38: NEUQUÉN | I38: RN | J38: Total | K38: NEUQUÉN | L38: RN
G39: 1 | H39: =SUM('2024'!H2:L19) -> 86019148 | I39: =SUM('2024'!B2:E19) -> 65940618 | J39: =SUM(H39:I39) -> 1.5195977e+08 | K39: =H39/J39 -> 0.56606529 | L39: =I39/J39 -> 0.43393471 | M39: 1175.67 | N39: =J39/M39 -> 129253.76
G40: 2 | H40: =SUM('2024'!H24:K41) -> 1.1316993e+08 | I40: =SUM('2024'!B24:F41) -> 1.063097e+08 | J40: =SUM(H40:I40) -> 2.1947963e+08 | K40: =H40/J40 -> 0.51562842 | L40: =I40/J40 -> 0.48437158 | M40: 1032.24 | N40: =J40/M40 -> 212624.61
G41: 3 | H41: =SUM('2024'!H46:K63) -> 1.8902816e+08 | I41: =SUM('2024'!B46:E63) -> 95678866 | J41: =SUM(H41:I41) -> 2.8470703e+08 | K41: =H41/J41 -> 0.66393922 | L41: =I41/J41 -> 0.33606078 | M41: 1016.09 | N41: =J41/M41 -> 280198.63
G42: 4 | H42: =SUM('2024'!H68:L85) -> 1.7426188e+08 | I42: =SUM('2024'!B68:G85) -> 1.4595913e+08 | J42: =SUM(H42:I42) -> 320221007 | K42: =H42/J42 -> 0.54419252 | L42: =I42/J42 -> 0.45580748 | M42: 1040.89 | N42: =J42/M42 -> 307641.54
G43: 5 | H43: =SUM('2024'!H90:K107) -> 2.0684031e+08 | I43: =SUM('2024'!B90:G107) -> 177839246 | J43: =SUM(H43:I43) -> 3.8467955e+08 | K43: =H43/J43 -> 0.53769509 | L43: =I43/J43 -> 0.46230491 | M43: 1215.93 | N43: =J43/M43 -> 316366.53
G44: 6 | H44: =SUM('2024'!H112:L129) -> 2.7232476e+08 | I44: =SUM('2024'!B112:G129) -> 2.0306188e+08 | J44: =SUM(H44:I44) -> 475386637 | K44: =H44/J44 -> 0.572849 | L44: =I44/J44 -> 0.427151 | M44: 1347.96 | N44: =J44/M44 -> 352671.17
G45: 7 | H45: =SUM('2024'!H134:L153) -> 3.0001592e+08 | I45: =SUM('2024'!B134:F153) -> 2.0108147e+08 | J45: =SUM(H45:I45) -> 5.0109739e+08 | K45: =H45/J45 -> 0.59871779 | L45: =I45/J45 -> 0.40128221 | M45: 1293.33 | N45: =J45/M45 -> 387447.44
G46: 8 | H46: =SUM('2024'!H159:L178) -> 2.367471e+08 | I46: =SUM('2024'!B159:F178) -> 9.0999405e+08 | J46: =SUM(H46:I46) -> 1146741151 | K46: =H46/J46 -> 0.20645208 | L46: =I46/J46 -> 0.79354792 | M46: 1279.96 | N46: =J46/M46 -> 895919.52
G47: 9 | H47: =SUM('2024'!H184:L202) -> 3.1693315e+08 | I47: =SUM('2024'!B184:G203) -> 2.3422683e+08 | J47: =SUM(H47:I47) -> 5.5115998e+08 | K47: =H47/J47 -> 0.57502933 | L47: =I47/J47 -> 0.42497067 | M47: 1215.03 | N47: =J47/M47 -> 453618.41
G48: 10 | H48: =SUM('2024'!H209:L229) -> 348679040 | I48: =SUM('2024'!B209:G229) -> 324851686 | J48: =SUM(H48:I48) -> 673530726 | K48: =H48/J48 -> 0.51768839 | L48: =I48/J48 -> 0.48231161 | M48: 1131.46 | N48: =J48/M48 -> 595275.77
G49: 11 | H49: =SUM('2024'!H233:L253) -> 506837340 | I49: =SUM('2024'!B233:G253) -> 350119111 | J49: =SUM(H49:I49) -> 856956451 | K49: =H49/J49 -> 0.59143885 | L49: =I49/J49 -> 0.40856115 | M49: 1075.76 | N49: =J49/M49 -> 796605.61
G50: 12 | H50: =SUM('2024'!H258:L278) -> 260965272 | I50: =SUM('2024'!B258:G278) -> 323131692 | J50: =SUM(H50:I50) -> 584096964 | K50: =H50/J50 -> 0.44678416 | L50: =I50/J50 -> 0.55321584 | M50: 1170.41 | N50: =J50/M50 -> 499053.29
G51: TOTAL ANUAL | H51: =SUM(H39:H49) -> 2750856746 | I51: =SUM(I39:I49) -> 2815062584 | J51: =SUM(H51:I51) -> 5565919329 | K51: =H51/J51 -> 0.49423223 | L51: =I51/J51 -> 0.50576777 | N51: =SUM(N39:N50) -> 5226676.3
G53: 2023 | K53: Porcentual
G54: MES | H54: NEUQUÉN | I54: RN | J54: Total | K54: NEUQUÉN | L54: RN
G55: 1 | H55: =SUM('2023'!G19:K19) -> 31233894 | I55: =SUM('2023'!B19:F19) -> 21999635 | J55: =SUM(H55:I55) -> 53233529 | K55: =H55/J55 -> 0.58673348 | L55: =I55/J55 -> 0.41326652 | M55: 354.81 | N55: =J55/M55 -> 150033.9
G56: 2 | H56: =SUM('2023'!G40:K40) -> 24990469 | I56: =SUM('2023'!B40:F40) -> 28268626 | J56: =SUM(H56:I56) -> 53259095 | K56: =H56/J56 -> 0.46922444 | L56: =I56/J56 -> 0.53077556 | M56: 357.47 | N56: =J56/M56 -> 148988.99
G57: 3 | H57: =SUM('2023'!H44:I60) -> 37133762 | I57: =SUM('2023'!B44:G60) -> 30342344 | J57: =SUM(H57:I57) -> 67476106 | K57: =H57/J57 -> 0.55032461 | L57: =I57/J57 -> 0.44967539 | M57: 397.37 | N57: =J57/M57 -> 169806.74
G58: 4 | H58: =SUM('2023'!H65:L81) -> 35804044 | I58: =SUM('2023'!B65:G81) -> 25795233 | J58: =SUM(H58:I58) -> 61599277 | K58: =H58/J58 -> 0.58124131 | L58: =I58/J58 -> 0.41875869 | M58: 436.05 | N58: =J58/M58 -> 141266.54
G59: 5 | H59: =SUM('2023'!H86:K102) -> 26569016 | I59: =SUM('2023'!B86:G102) -> 28139408 | J59: =SUM(H59:I59) -> 54708424 | K59: =H59/J59 -> 0.48564762 | L59: =I59/J59 -> 0.51435238 | M59: 466.98 | N59: =J59/M59 -> 117153.68
G60: 6 | H60: =SUM('2023'!H107:L123) -> 44074134 | I60: =SUM('2023'!B107:F123) -> 41600997 | J60: =SUM(H60:I60) -> 85675131 | K60: =H60/J60 -> 0.51443323 | L60: =I60/J60 -> 0.48556677 | M60: 484.69 | N60: =J60/M60 -> 176762.74
G61: 7 | H61: =SUM('2023'!H128:L144) -> 40593195 | I61: =SUM('2023'!B128:F144) -> 42163774 | J61: =SUM(H61:I61) -> 82756969 | K61: =H61/J61 -> 0.4905109 | L61: =I61/J61 -> 0.5094891 | M61: 509.1 | N61: =J61/M61 -> 162555.43
G62: 8 | H62: =SUM('2023'!H149:L165) -> 39574231 | I62: =SUM('2023'!B149:G165) -> 1.202258e+08 | J62: =SUM(H62:I62) -> 1.5980003e+08 | K62: =H62/J62 -> 0.24764845 | L62: =I62/J62 -> 0.75235155 | M62: 670.83 | N62: =J62/M62 -> 238212.41
G63: 9 | H63: =SUM('2023'!H170:L187) -> 76006709 | I63: =SUM('2023'!B170:F187) -> 46507761 | J63: =SUM(H63:I63) -> 1.2251447e+08 | K63: =H63/J63 -> 0.62038965 | L63: =I63/J63 -> 0.37961035 | M63: 701.01 | N63: =J63/M63 -> 174768.51
G64: 10 | H64: =SUM('2023'!H192:L209) -> 68178504 | I64: =SUM('2023'!B192:G209) -> 56776720 | J64: =SUM(H64:I64) -> 1.2495522e+08 | K64: =H64/J64 -> 0.54562348 | L64: =I64/J64 -> 0.45437652 | M64: 852.85 | N64: =J64/M64 -> 146514.89
G65: 11 | H65: =SUM('2023'!H214:L231) -> 61191836 | I65: =SUM('2023'!B214:G231) -> 57405070 | J65: =SUM(H65:I65) -> 118596906 | K65: =H65/J65 -> 0.51596486 | L65: =I65/J65 -> 0.48403514 | M65: 858.82 | N65: =J65/M65 -> 138092.86
G66: 12 | H66: =SUM('2023'!I236:M253) -> 82031954 | I66: =SUM('2023'!B236:H253) -> 61840875 | J66: =SUM(H66:I66) -> 1.4387283e+08 | K66: =H66/J66 -> 0.57016988 | L66: =I66/J66 -> 0.42983012 | M66: 995 | N66: =J66/M66 -> 144595.81
G67: TOTAL ANUAL | H67: =SUM(H55:H66) -> 5.6738175e+08 | I67: =SUM(I55:I66) -> 5.6106625e+08 | J67: =SUM(J55:J66) -> 1128447994 | K67: =AVERAGE(K55:K66) -> 0.51482599 | L67: =AVERAGE(L55:L66) -> 0.48517401 | N67: =SUM(N55:N66) -> 1908752.5
G69: 2022
G70: MES | H70: NEUQUÉN | I70: RN | K70: NEUQUÉN | L70: RN
G71: 1 | H71: 12272544 | I71: 12362955 | J71: 24635500 | K71: 0.49816503 | L71: 0.50183497
G72: 2 | H72: 13072100 | I72: 9625137.7 | J72: 22697238 | K72: 0.57593353 | L72: 0.42406647
G73: 3 | H73: 12391548 | I73: 15989762 | J73: 28381309 | K73: 0.43660945 | L73: 0.56339055
G74: 4 | H74: 12829244 | I74: 18523881 | J74: 31353124 | K74: 0.4091855 | L74: 0.5908145
G75: 5 | H75: 15517564 | I75: 17269585 | J75: 32787149 | K75: 0.4732819 | L75: 0.5267181
G76: 6 | H76: 18466372 | I76: 14737281 | J76: 33203653 | K76: 0.55615484 | L76: 0.44384516
G77: 7 | H77: 15632711 | I77: 19556061 | J77: 35188772 | K77: 0.44425281 | L77: 0.55574719
G78: 8 | H78: 20751754 | I78: 18454796 | J78: 39206550 | K78: 0.52929303 | L78: 0.47070697
G79: 9 | H79: 22926312 | I79: 21327927 | J79: 44254239 | K79: 0.51805911 | L79: 0.48194089
G80: 10 | H80: 14765249 | I80: 16524653 | J80: 31289902 | K80: 0.47188544 | L80: 0.52811456
G81: 11 | H81: 42217148 | I81: 24445374 | J81: 66662521 | K81: 0.63329659 | L81: 0.36670341
G82: 12 | H82: 29899409 | I82: 18532854 | J82: 48432263 | K82: 0.61734486 | L82: 0.38265514
G83: PROMEDIO ANUAL | H83: =SUM(H71:H82) -> 2.3074196e+08 | I83: =SUM(I71:I82) -> 2.0735027e+08 | J83: =SUM(J71:J82) -> 4.3809222e+08 | K83: 0.52669722 | L83: 0.47330278

Sheet 2026
B2: 46030 | C2: 46037 | D2: 46045 | E2: 46046 | F2: 46049 | G2: 46052 | J2: 46027 | K2: 46038 | L2: 46052 | M2: 46049 | O2: Totales
A3: ALVAREZ LUCAS | B3: 2155229 | C3: 4890094 | D3: 14978862 | E3: 2999837 | F3: 69911 | G3: 1471772 | J3: 226723 | K3: 15473393 | L3: 15177338 | M3: 293849 | O3: =SUM(B3:M3) -> 57737008 | P3: =O3/$O$3 -> 1
A4: BURGUEÑO LUCAS | B4: 2155229 | C4: 4890094 | D4: 14978862 | E4: 2999837 | F4: 69911 | G4: 1471772 | J4: 226723 | K4: 15473393 | L4: 15177338 | M4: 293849 | O4: =SUM(B4:M4) -> 57737008 | P4: =O4/$O$3 -> 1
A5: CASTRO | B5: 2155229 | C5: 4890094 | D5: 14978862 | E5: 2999837 | F5: 69911 | G5: 1471772 | J5: 226723 | K5: 15473393 | L5: 15177338 | M5: 293849 | O5: =SUM(B5:M5) -> 57737008 | P5: =O5/$O$3 -> 1
A6: CONSIGLI ROBERTO CARLOS | B6: 2155229 | C6: 4890094 | D6: 14978862 | E6: 2999837 | F6: 69911 | G6: 1471772 | J6: 226723 | K6: 15473393 | L6: 15177338 | M6: 293849 | O6: =SUM(B6:M6) -> 57737008 | P6: =O6/$O$3 -> 1
A7: DEGREEF | B7: 2155229 | C7: 4890094 | D7: 14978862 | E7: 2999837 | F7: 69911 | G7: 1471772 | J7: 226723 | K7: 15473393 | L7: 15177338 | M7: 293849 | O7: =SUM(B7:M7) -> 57737008 | P7: =O7/$O$3 -> 1
A8: ESPINOSA | B8: 1539449 | C8: 3492924 | D8: 10699187 | E8: 2142741 | F8: 49936 | G8: 1051266 | J8: 161945 | K8: 11052424 | L8: 10840956 | M8: 209892 | O8: =SUM(B8:M8) -> 41240720 | P8: =O8/$O$3 -> 0.71428571
A9: GARCIA | B9: 2155229 | C9: 4890094 | D9: 14978862 | E9: 2999837 | F9: 69911 | G9: 1471772 | J9: 226723 | K9: 15473393 | L9: 15177338 | M9: 293849 | O9: =SUM(B9:M9) -> 57737008 | P9: =O9/$O$3 -> 1
A10: GIOJA MARIO ERNESTO | B10: 1539449 | C10: 3492924 | D10: 10699187 | E10: 2142741 | F10: 49936 | G10: 1051266 | J10: 161945 | K10: 11052424 | L10: 10840956 | M10: 209892 | O10: =SUM(B10:M10) -> 41240720 | P10: =O10/$O$3 -> 0.71428571
A11: GOGORZA NICOLAS | B11: 2155229 | C11: 4890094 | D11: 14978862 | E11: 2999837 | F11: 69911 | G11: 1471772 | J11: 226723 | K11: 15473393 | L11: 15177338 | M11: 293849 | O11: =SUM(B11:M11) -> 57737008 | P11: =O11/$O$3 -> 1
A12: GRANDE NADIA | B12: 2155229 | C12: 4890094 | D12: 14978862 | E12: 2999837 | F12: 69911 | G12: 1471772 | J12: 226723 | K12: 15473393 | L12: 15177338 | M12: 293849 | O12: =SUM(B12:M12) -> 57737008 | P12: =O12/$O$3 -> 1
A13: GUDIÑO GABRIELA | B13: 2155229 | C13: 4890094 | D13: 14978862 | E13: 2999837 | F13: 69911 | G13: 1471772 | J13: 226723 | K13: 15473393 | L13: 15177338 | M13: 293849 | O13: =SUM(B13:M13) -> 57737008 | P13: =O13/$O$3 -> 1
A14: HARRIAGUE LUCIA | B14: 1724183 | C14: 3983872 | D14: 11983089 | E14: 2399870 | F14: 55929 | G14: 1177418 | J14: 181378 | K14: 12378715 | L14: 12141870 | M14: 235079 | O14: =SUM(B14:M14) -> 46261403 | P14: =O14/$O$3 -> 0.80124351
... A23: VELA | B23: 2155229 | C23: 4172118 | D23: 14978862 | E23: 2999837 | F23: 69911 | G23: 1471772 | J23: 226723 | K23: 15473393 | L23: 15177338 | M23: 293849 | O23: =SUM(B23:M23) -> 57019032 | P23: =O23/$O$3 -> 0.98756472
B26: 46059 | C26: 46066 | D26: 46073 | E26: 46080 | J26: 46058 | K26: 46066 | L26: 46079 | M26: 46080 | O26: Totales
A27: ALVAREZ LUCAS | B27: 1978126 | C27: 2681374 | D27: 6539824 | E27: 13113633 | J27: 269636 | K27: 5485195 | L27: 260447 | M27: 14354913 | O27: =SUM(B27:M27) -> 44683148 | P27: =O27/$O$27 -> 1
A28: BURGUEÑO LUCAS | B28: 1978126 | C28: 2681374 | D28: 6539824 | E28: 13113633 | J28: 269636 | K28: 5485195 | L28: 260447 | M28: 14354913 | O28: =SUM(B28:M28) -> 44683148 | P28: =O28/$O$27 -> 1
A29: CASTRO | B29: 1978126 | C29: 2681374 | D29: 6539824 | E29: 13113633 | J29: 269636 | K29: 5485195 | L29: 260447 | M29: 14354913 | O29: =SUM(B29:M29) -> 44683148 | P29: =O29/$O$27 -> 1
A30: CONSIGLI ROBERTO CARLOS | B30: 1978126 | C30: 2681374 | D30: 6539824 | E30: 13113633 | J30: 269636 | K30: 5485195 | L30: 260447 | M30: 14354913 | O30: =SUM(B30:M30) -> 44683148 | P30: =O30/$O$27 -> 1
A31: DEGREEF | B31: 1978126 | C31: 2681374 | D31: 6539824 | E31: 13113633 | J31: 269636 | K31: 5485195 | L31: 260447 | M31: 14354913 | O31: =SUM(B31:M31) -> 44683148 | P31: =O31/$O$27 -> 1
A32: ESPINOSA | B32: 1412947 | C32: 1915267 | D32: 4671303 | E32: 9366881 | J32: 179757 | K32: 3917996 | L32: 173631 | M32: 9796181 | O32: =SUM(B32:M32) -> 31433963 | P32: =O32/$O$27 -> 0.70348586
A33: GARCIA | B33: 1978126 | C33: 2681374 | D33: 6539824 | E33: 13113633 | J33: 269636 | K33: 5485195 | L33: 260447 | M33: 14354913 | O33: =SUM(B33:M33) -> 44683148 | P33: =O33/$O$27 -> 1
A34: GIOJA MARIO ERNESTO | B34: 1412947 | C34: 1915267 | D34: 4671303 | E34: 9366881 | J34: 179757 | K34: 3917996 | L34: 173631 | M34: 9796181 | O34: =SUM(B34:M34) -> 31433963 | P34: =O34/$O$27 -> 0.70348586
A35: GOGORZA NICOLAS | B35: 1978126 | C35: 2681374 | D35: 6539824 | E35: 13113633 | J35: 269636 | K35: 5485195 | L35: 260447 | M35: 14354913 | O35: =SUM(B35:M35) -> 44683148 | P35: =O35/$O$27 -> 1
A36: GRANDE NADIA | B36: 1978126 | C36: 2681374 | D36: 6539824 | E36: 13113633 | J36: 269636 | K36: 5485195 | L36: 260447 | M36: 14354913 | O36: =SUM(B36:M36) -> 44683148 | P36: =O36/$O$27 -> 1
A37: GUDIÑO GABRIELA | B37: 1978126 | C37: 2681374 | D37: 6539824 | E37: 13113633 | J37: 269636 | K37: 5485195 | L37: 260447 | M37: 14354913 | O37: =SUM(B37:M37) -> 44683148 | P37: =O37/$O$27 -> 1
A38: HARRIAGUE LUCIA | B38: 1582501 | C38: 2145099 | D38: 5231859 | E38: 10490907 | J38: 188745 | K38: 4393036 | L38: 182313 | M38: 10523540 | O38: =SUM(B38:M38) -> 34738000 | P38: =O38/$O$27 -> 0.77742956
... A47: VELA | B47: 1978126 | C47: 2681374 | D47: 6539824 | E47: 13113633 | J47: 269636 | K47: 5478223 | L47: 260447 | M47: 14354913 | O47: =SUM(B47:M47) -> 44676176 | P47: =O47/$O$27 -> 0.99984397
B50: 46087 | C50: 46094 | D50: 46101 | E50: 46108 | J50: 46086 | K50: 46097 | L50: 46107 | M50: 46108 | O50: Totales
A51: ALVAREZ LUCAS | B51: 3165356 | C51: 2521313 | D51: 9057207 | E51: 2830726 | J51: 306197 | K51: 7947194 | L51: 38730 | M51: 9916005 | O51: =SUM(B51:M51) -> 35782728 | P51: =O51/$O$51 -> 1
A52: BURGUEÑO LUCAS | B52: 3165356 | C52: 2521313 | D52: 9057207 | E52: 2830726 | J52: 306197 | K52: 7947194 | L52: 38730 | M52: 9916005 | O52: =SUM(B52:M52) -> 35782728 | P52: =O52/$O$51 -> 1
A53: CASTRO | B53: 3165356 | C53: 2521313 | D53: 9057207 | E53: 2830726 | J53: 306197 | K53: 7947194 | L53: 38730 | M53: 9916005 | O53: =SUM(B53:M53) -> 35782728 | P53: =O53/$O$51 -> 1
A54: CONSIGLI ROBERTO CARLOS | B54: 3165356 | C54: 2521313 | D54: 9057207 | E54: 2830726 | J54: 306197 | K54: 7947194 | L54: 38730 | M54: 9916005 | O54: =SUM(B54:M54) -> 35782728 | P54: =O54/$O$51 -> 1
A55: DEGREEF | B55: 3165356 | C55: 2521313 | D55: 9057207 | E55: 2830726 | J55: 306197 | K55: 7947194 | L55: 38730 | M55: 9916005 | O55: =SUM(B55:M55) -> 35782728 | P55: =O55/$O$51 -> 1
A56: ESPINOSA | B56: 2215822 | C56: 1753164 | D56: 6075614 | E56: 1891823 | J56: 204131 | K56: 5521175 | L56: 25820 | M56: 6623360 | O56: =SUM(B56:M56) -> 24310909 | P56: =O56/$O$51 -> 0.67940345
A57: GARCIA | B57: 3165356 | C57: 2521313 | D57: 9057207 | E57: 2830726 | J57: 306197 | K57: 7947194 | L57: 38730 | M57: 9916005 | O57: =SUM(B57:M57) -> 35782728 | P57: =O57/$O$51 -> 1
A58: GIOJA MARIO ERNESTO | B58: 2215822 | C58: 1753164 | D58: 6075614 | E58: 1891823 | J58: 204131 | K58: 5521175 | L58: 25820 | M58: 6623360 | O58: =SUM(B58:M58) -> 24310909 | P58: =O58/$O$51 -> 0.67940345
A59: GOGORZA NICOLAS | B59: 3165356 | C59: 2521313 | D59: 9057207 | E59: 2830726 | J59: 306197 | K59: 7947194 | L59: 38730 | M59: 9916005 | O59: =SUM(B59:M59) -> 35782728 | P59: =O59/$O$51 -> 1
A60: GRANDE NADIA | B60: 3165356 | C60: 2521313 | D60: 9057207 | E60: 2830726 | J60: 306197 | K60: 7947194 | L60: 38730 | M60: 9916005 | O60: =SUM(B60:M60) -> 35782728 | P60: =O60/$O$51 -> 1
A61: GUDIÑO GABRIELA | B61: 3165356 | C61: 2521313 | D61: 9057207 | E61: 2830726 | J61: 306197 | K61: 7947194 | L61: 38730 | M61: 9916005 | O61: =SUM(B61:M61) -> 35782728 | P61: =O61/$O$51 -> 1
A62: HARRIAGUE LUCIA | B62: 2437476 | C62: 1916725 | D62: 6418746 | E62: 1110169 | J62: 129812 | K62: 6031432 | L62: 27111 | M62: 4927752 | O62: =SUM(B62:M62) -> 22999223 | P62: =O62/$O$51 -> 0.64274649
... A71: VELA | B71: 3165356 | C71: 2521313 | D71: 9057207 | E71: 2830726 | J71: 306197 | K71: 7947194 | L71: 38730 | M71: 9916005 | O71: =SUM(B71:M71) -> 35782728 | P71: =O71/$O$51 -> 1
B74: 46113 | C74: 46122 | D74: 46129 | E74: 46136 | F74: 46141 | J74: 46117 | K74: 46127 | L74: 46142 | M74: 46140 | O74: Totales
A75: ALVAREZ LUCAS | B75: 3776691 | C75: 2165748 | D75: 4043575 | E75: 3558757 | F75: 6006728 | J75: 236443 | K75: 4705250 | L75: 13678868 | M75: 112261 | O75: =SUM(B75:M75) -> 38284321 | P75: =O75/$O$75 -> 1
A76: BURGUEÑO LUCAS | B76: 3776691 | C76: 2165748 | D76: 4043575 | E76: 3558757 | F76: 6006728 | J76: 236443 | K76: 4705250 | L76: 13678868 | M76: 112261 | O76: =SUM(B76:M76) -> 38284321 | P76: =O76/$O$75 -> 1
A77: CASTRO | B77: 3776691 | C77: 2165748 | D77: 4043575 | E77: 3558757 | F77: 6006728 | J77: 236443 | K77: 4705250 | L77: 13678868 | M77: 112261 | O77: =SUM(B77:M77) -> 38284321 | P77: =O77/$O$75 -> 1
A78: CONSIGLI ROBERTO CARLOS | B78: 3776691 | C78: 2165748 | D78: 4043575 | E78: 3558757 | F78: 6006728 | J78: 236443 | K78: 4705250 | L78: 13678868 | M78: 112261 | O78: =SUM(B78:M78) -> 38284321 | P78: =O78/$O$75 -> 1
A79: DEGREEF | B79: 3776691 | C79: 2165748 | D79: 4043575 | E79: 3558757 | F79: 5782263 | J79: 218069 | K79: 4705250 | L79: 12985630 | M79: 112261 | O79: =SUM(B79:M79) -> 37348244 | P79: =O79/$O$75 -> 0.97554934
A80: ESPINOSA | B80: 2650878 | C80: 1452426 | D80: 2781374 | E80: 2508651 | F80: 4089803 | J80: 157628 | K80: 3141105 | L80: 9157161 | M80: 74840 | O80: =SUM(B80:M80) -> 26013866 | P80: =O80/$O$75 -> 0.67949138
A81: GARCIA | B81: 3776691 | C81: 2165748 | D81: 4043575 | E81: 3558757 | F81: 6006728 | J81: 236443 | K81: 4705250 | L81: 13678868 | M81: 112261 | O81: =SUM(B81:M81) -> 38284321 | P81: =O81/$O$75 -> 1
A82: GIOJA MARIO ERNESTO | B82: 2650878 | C82: 1452426 | D82: 2781374 | E82: 2508651 | F82: 4089803 | J82: 157628 | K82: 3141105 | L82: 9157161 | M82: 74840 | O82: =SUM(B82:M82) -> 26013866 | P82: =O82/$O$75 -> 0.67949138
A83: GOGORZA NICOLAS | B83: 3776691 | C83: 2165748 | D83: 4043575 | E83: 3558757 | F83: 6006728 | J83: 236443 | K83: 4705250 | L83: 13678868 | M83: 112261 | O83: =SUM(B83:M83) -> 38284321 | P83: =O83/$O$75 -> 1
A84: GRANDE NADIA | B84: 3776691 | C84: 2165748 | D84: 4043575 | E84: 3558757 | F84: 6006728 | J84: 236443 | K84: 4705250 | L84: 13678868 | M84: 112261 | O84: =SUM(B84:M84) -> 38284321 | P84: =O84/$O$75 -> 1
A85: GUDIÑO GABRIELA | B85: 3776691 | C85: 2165748 | D85: 4043575 | E85: 3558757 | F85: 6006728 | J85: 236443 | K85: 4705250 | L85: 13678868 | M85: 112261 | O85: =SUM(B85:M85) -> 38284321 | P85: =O85/$O$75 -> 1
A86: HARRIAGUE LUCIA | B86: 2923159 | C86: 1155701 | D86: 2519061 | E86: 2722426 | F86: 3051040 | J86: 82755 | K86: 2550276 | L86: 5357246 | M86: 39291 | O86: =SUM(B86:M86) -> 20400955 | P86: =O86/$O$75 -> 0.53288016
... A95: VELA | B95: 3776691 | C95: 2165748 | D95: 4043575 | E95: 3558757 | F95: 6006728 | J95: 236443 | K95: 4705250 | L95: 13568973 | M95: 112261 | O95: =SUM(B95:M95) -> 38174426 | P95: =O95/$O$75 -> 0.9971295
O96: =SUM(O75:O95) -> 748340020
B98: 46149 | C98: 46150 | D98: 46156 | E98: 46157 | F98: 46164 | G98: 46170 | H98: 46171 | J98: 46147 | K98: 46157 | L98: 46169 | M98: 46171 | O98: Totales
A99: ALVAREZ LUCAS | B99: 5717360 | C99: 4904882 | D99: 148500 | E99: 8303823 | F99: 4614825 | G99: 3342307 | H99: 2864085 | J99: 239915 | K99: 8165142 | L99: 194598 | M99: 11643941 | O99: =SUM(B99:M99) -> 50139378 | P99: =O99/$O$99 -> 1
A100: BURGUEÑO LUCAS | B100: 5717360 | C100: 4904882 | D100: 148500 | E100: 8303823 | F100: 4614825 | G100: 3342307 | H100: 2864085 | J100: 239915 | K100: 8165142 | L100: 194598 | M100: 11643941 | O100: =SUM(B100:M100) -> 50139378 | P100: =O100/$O$99 -> 1
A101: CASTRO | B101: 5717360 | C101: 4904882 | D101: 148500 | E101: 8303823 | F101: 4546949 | G101: 3342307 | H101: 2450296 | J101: 203927 | K101: 8165142 | L101: 165408 | M101: 10156497 | O101: =SUM(B101:M101) -> 48105091 | P101: =O101/$O$99 -> 0.95942736
A102: CONSIGLI ROBERTO CARLOS | B102: 5717360 | C102: 4904882 | D102: 148500 | E102: 8303823 | F102: 4614825 | G102: 3342307 | H102: 2864085 | J102: 239915 | K102: 8165142 | L102: 194598 | M102: 11643941 | O102: =SUM(B102:M102) -> 50139378 | P102: =O102/$O$99 -> 1
A103: DEGREEF | B103: 5717360 | C103: 4733941 | D103: 148500 | E103: 8145538 | F103: 4291288 | G103: 3289200 | H103: 2434472 | J103: 203927 | K103: 8106580 | L103: 165408 | M103: 10044907 | O103: =SUM(B103:M103) -> 47281121 | P103: =O103/$O$99 -> 0.94299377
A104: ESPINOSA | B104: 3812871 | C104: 3306990 | D104: 99000 | E104: 5550660 | F104: 3076550 | G104: 2228204 | H104: 1909390 | J104: 159943 | K104: 5448854 | L104: 129732 | M104: 7762627 | O104: =SUM(B104:M104) -> 33484821 | P104: =O104/$O$99 -> 0.66783479
A105: GARCIA | B105: 5717360 | C105: 4904882 | D105: 148500 | E105: 8303823 | F105: 4614825 | G105: 3342307 | H105: 2864085 | J105: 239915 | K105: 8165142 | L105: 194598 | M105: 11643941 | O105: =SUM(B105:M105) -> 50139378 | P105: =O105/$O$99 -> 1
A106: GIOJA MARIO ERNESTO | B106: 3812871 | C106: 3306990 | D106: 99000 | E106: 5550660 | F106: 3076550 | G106: 2228204 | H106: 1909390 | J106: 159943 | K106: 5448854 | L106: 129732 | M106: 7762627 | O106: =SUM(B106:M106) -> 33484821 | P106: =O106/$O$99 -> 0.66783479
A107: GOGORZA NICOLAS | B107: 5717360 | C107: 4904882 | D107: 148500 | E107: 8303823 | F107: 4614825 | G107: 3342307 | H107: 2864085 | J107: 239915 | K107: 8165142 | L107: 194598 | M107: 11643941 | O107: =SUM(B107:M107) -> 50139378 | P107: =O107/$O$99 -> 1
A108: GRANDE NADIA | B108: 5717360 | C108: 4904882 | D108: 148500 | E108: 8303823 | F108: 4614825 | G108: 3342307 | H108: 2864085 | J108: 239915 | K108: 8165142 | L108: 194598 | M108: 11643941 | O108: =SUM(B108:M108) -> 50139378 | P108: =O108/$O$99 -> 1
A109: GUDIÑO GABRIELA | B109: 5717360 | C109: 4904882 | D109: 148500 | E109: 8303823 | F109: 4614825 | G109: 3342307 | H109: 2864085 | J109: 239915 | K109: 8165142 | L109: 194598 | M109: 11643941 | O109: =SUM(B109:M109) -> 50139378 | P109: =O109/$O$99 -> 1
A110: HARRIAGUE LUCIA | B110: 2957444 | C110: 2281818 | D110: 51975 | E110: 3898535 | F110: 2081303 | G110: 1958208 | H110: 542392 | J110: 50320 | K110: 4378326 | L110: 40815 | M110: 2648298 | O110: =SUM(B110:M110) -> 20889434 | P110: =O110/$O$99 -> 0.41662731
... A119: VELA | B119: 5717360 | C119: 4904882 | D119: 148500 | E119: 8303823 | F119: 4614825 | G119: 3342307 | H119: 2864085 | J119: 239915 | K119: 8165142 | L119: 194598 | M119: 11643941 | O119: =SUM(B119:M119) -> 50139378 | P119: =O119/$O$99 -> 1
O120: =SUM(O99:O119) -> 968908441
B122: 46178 | C122: 46184 | D122: 46192 | E122: 46199 | J122: 46178 | K122: 46189 | L122: 46202 | M122: 46203 | O122: Totales
A123: ALVAREZ LUCAS | B123: 3097129 | C123: 10351629 | D123: 6003599 | E123: 12360931 | J123: 241905 | K123: 6518324 | L123: 368729 | M123: 20817149 | O123: =SUM(B123:M123) -> 59759395 | P123: =O123/$O$123 -> 1
A124: BURGUEÑO LUCAS | B124: 3097129 | C124: 10351629 | D124: 6003599 | E124: 12360931 | J124: 241905 | K124: 6518324 | L124: 368729 | M124: 20817149 | O124: =SUM(B124:M124) -> 59759395 | P124: =O124/$O$123 -> 1
A125: CASTRO | B125: 3097129 | C125: 9972295 | D125: 5408951 | E125: 10941802 | J125: 205620 | K125: 6322742 | L125: 313419 | M125: 19057086 | O125: =SUM(B125:M125) -> 55319044 | P125: =O125/$O$123 -> 0.92569619
A126: CONSIGLI ROBERTO CARLOS | B126: 3097129 | C126: 10351629 | D126: 6003599 | E126: 12360931 | J126: 241905 | K126: 6518324 | L126: 368729 | M126: 20817149 | O126: =SUM(B126:M126) -> 59759395 | P126: =O126/$O$123 -> 1
A127: DEGREEF | B127: 2867584 | C127: 9564928 | D127: 5354814 | E127: 10898459 | J127: 205620 | K127: 6119460 | L127: 313419 | M127: 18422396 | O127: =SUM(B127:M127) -> 53746680 | P127: =O127/$O$123 -> 0.89938461
A128: ESPINOSA | B128: 2067778 | C128: 6901086 | D128: 4002399 | E128: 8240620 | J128: 161270 | K128: 4352270 | L128: 245819 | M128: 13892583 | O128: =SUM(B128:M128) -> 39863825 | P128: =O128/$O$123 -> 0.6670721
A129: GARCIA | B129: 3097129 | C129: 10351629 | D129: 6003599 | E129: 12360931 | J129: 241905 | K129: 6518324 | L129: 368729 | M129: 20817149 | O129: =SUM(B129:M129) -> 59759395 | P129: =O129/$O$123 -> 1
A130: GIOJA MARIO ERNESTO | B130: 2067778 | C130: 6901086 | D130: 4002399 | E130: 8240620 | J130: 161270 | K130: 4352270 | L130: 245819 | M130: 13892583 | O130: =SUM(B130:M130) -> 39863825 | P130: =O130/$O$123 -> 0.6670721
A131: GOGORZA NICOLAS | B131: 3097129 | C131: 10351629 | D131: 6003599 | E131: 12360931 | J131: 241905 | K131: 6518324 | L131: 368729 | M131: 20817149 | O131: =SUM(B131:M131) -> 59759395 | P131: =O131/$O$123 -> 1
A132: GRANDE NADIA | B132: 3097129 | C132: 10351629 | D132: 6003599 | E132: 12360931 | J132: 241905 | K132: 6518324 | L132: 368729 | M132: 20817149 | O132: =SUM(B132:M132) -> 59759395 | P132: =O132/$O$123 -> 1
A133: GUDIÑO GABRIELA | B133: 3097129 | C133: 10351629 | D133: 6003599 | E133: 12360931 | J133: 241905 | K133: 6518324 | L133: 368729 | M133: 20817149 | O133: =SUM(B133:M133) -> 59759395 | P133: =O133/$O$123 -> 1
A134: HARRIAGUE LUCIA | B134: 1169329 | C134: 3583828 | D134: 1576148 | E134: 5026856 | J134: 42333 | K134: 2480394 | L134: 64527 | M134: 5459357 | O134: =SUM(B134:M134) -> 19402772 | P134: =O134/$O$123 -> 0.32468153
... A143: VELA | B143: 3088054 | C143: 10351629 | D143: 6003599 | E143: 12360931 | J143: 241905 | K143: 6518324 | L143: 368729 | M143: 20817149 | O143: =SUM(B143:M143) -> 59750320 | P143: =O143/$O$123 -> 0.99984814
O144: =SUM(O123:O143) -> 1146258823
B146: 46205 | C146: 46211 | D146: 46220 | J146: 46208 | K146: 46219 | O146: Totales
A147: ALVAREZ LUCAS | B147: 2360250 | C147: 1929418 | D147: 4464238 | J147: 394428 | K147: 3315621 | O147: =SUM(B147:M147) -> 12463955 | P147: =O147/$O$147 -> 1
A148: BURGUEÑO LUCAS | B148: 2360250 | C148: 1929418 | D148: 4464238 | J148: 394428 | K148: 3315621 | O148: =SUM(B148:M148) -> 12463955 | P148: =O148/$O$147 -> 1
A149: CASTRO | B149: 2238953 | C149: 1640005 | D149: 3797804 | J149: 346483 | K149: 2901219 | O149: =SUM(B149:M149) -> 10924464 | P149: =O149/$O$147 -> 0.87648455
A150: CONSIGLI ROBERTO CARLOS | B150: 2360250 | C150: 1929418 | D150: 4464238 | J150: 394428 | K150: 3315621 | O150: =SUM(B150:M150) -> 12463955 | P150: =O150/$O$147 -> 1
A151: DEGREEF | B151: 2238953 | C151: 1640005 | D151: 3797804 | J151: 344466 | K151: 2901219 | O151: =SUM(B151:M151) -> 10922447 | P151: =O151/$O$147 -> 0.87632272
A152: ESPINOSA | B152: 1573500 | C152: 1286279 | D152: 2976159 | J152: 262952 | K152: 2236745 | O152: =SUM(B152:M152) -> 8335635 | P152: =O152/$O$147 -> 0.66877929
A153: GARCIA | B153: 2360250 | C153: 1929418 | D153: 4464238 | J153: 394428 | K153: 3315621 | O153: =SUM(B153:M153) -> 12463955 | P153: =O153/$O$147 -> 1
A154: GIOJA MARIO ERNESTO | B154: 1573500 | C154: 1286279 | D154: 2976159 | J154: 262952 | K154: 2236745 | O154: =SUM(B154:M154) -> 8335635 | P154: =O154/$O$147 -> 0.66877929
A155: GOGORZA NICOLAS | B155: 2360250 | C155: 1929418 | D155: 4464238 | J155: 394428 | K155: 3315621 | O155: =SUM(B155:M155) -> 12463955 | P155: =O155/$O$147 -> 1
A156: GRANDE NADIA | B156: 2360250 | C156: 1929418 | D156: 4464238 | J156: 394428 | K156: 3315621 | O156: =SUM(B156:M156) -> 12463955 | P156: =O156/$O$147 -> 1
A157: GUDIÑO GABRIELA | B157: 2360250 | C157: 1929418 | D157: 4464238 | J157: 394428 | K157: 3315621 | O157: =SUM(B157:M157) -> 12463955 | P157: =O157/$O$147 -> 1
A158: HARRIAGUE LUCIA | B158: 887672 | C158: 885027 | D158: 2943509 | J158: 93677 | K158: 943771 | O158: =SUM(B158:M158) -> 5753656 | P158: =O158/$O$147 -> 0.46162362
...

Sheet 2025
B1: 02/01 | C1: 10/01 | D1: 17/01 | E1: 45678 | F1: 45680 | G1: 45688 | J1: 45662 | K1: 45672 | L1: 45685 | M1: 45688 | O1: Totales
A2: ALVAREZ LUCAS | B2: 924914 | C2: 772916 | D2: 10359260 | E2: 398879 | F2: 4173672 | G2: 5557400 | K2: 20929433 | L2: 337408 | M2: 9945079 | O2: =SUM(B2:N2) -> 53398961 | P2: =O2/$O$2 -> 1
A3: BURGUEÑO LUCAS | B3: 924914 | C3: 772916 | D3: 10359260 | E3: 398879 | F3: 4173672 | G3: 5557400 | K3: 20929433 | L3: 337408 | M3: 9945079 | O3: =SUM(B3:N3) -> 53398961 | P3: =O3/$O$2 -> 1
A4: CASTRO | B4: 924914 | C4: 772916 | D4: 9858028 | E4: 398879 | F4: 4173672 | G4: 5447158 | K4: 20893708 | L4: 337408 | M4: 9914336 | O4: =SUM(B4:N4) -> 52721019 | P4: =O4/$O$2 -> 0.98730421
A5: CONSIGLI ROBERTO CARLOS | B5: 924914 | C5: 772916 | D5: 10359260 | E5: 398879 | F5: 4173672 | G5: 5557400 | K5: 20929433 | L5: 337408 | M5: 9945079 | O5: =SUM(B5:N5) -> 53398961 | P5: =O5/$O$2 -> 1
A6: DEGREEF | B6: 924914 | C6: 772916 | D6: 10359260 | E6: 319386 | F6: 4173672 | G6: 5557400 | K6: 20929433 | L6: 337408 | M6: 9945079 | O6: =SUM(B6:N6) -> 53319468 | P6: =O6/$O$2 -> 0.99851134
A7: ESPINOSA | B7: 660653 | C7: 552082 | D7: 7399471 | E7: 364407 | F7: 2981194 | G7: 3969571 | K7: 14949595 | L7: 241006 | M7: 7103628 | O7: =SUM(B7:N7) -> 38221607 | P7: =O7/$O$2 -> 0.71577436
A8: GARCIA | B8: 924914 | C8: 772916 | D8: 10359260 | E8: 398879 | F8: 4173672 | G8: 5557400 | K8: 20929433 | L8: 337408 | M8: 9945079 | O8: =SUM(B8:N8) -> 53398961 | P8: =O8/$O$2 -> 1
A9: GIOJA MARIO ERNESTO | B9: 660653 | C9: 552082 | D9: 7399471 | E9: 284914 | F9: 2981194 | G9: 3969571 | K9: 14949595 | L9: 241006 | M9: 7103628 | O9: =SUM(B9:N9) -> 38142114 | P9: =O9/$O$2 -> 0.7142857
A10: GOGORZA NICOLAS | B10: 924914 | C10: 772916 | D10: 10359260 | E10: 398879 | F10: 4173672 | G10: 5557400 | K10: 20929433 | L10: 337408 | M10: 9945079 | O10: =SUM(B10:N10) -> 53398961 | P10: =O10/$O$2 -> 1
A11: GRANDE NADIA | B11: 924914 | C11: 772916 | D11: 10359260 | E11: 398879 | F11: 4173672 | G11: 5557400 | K11: 20929433 | L11: 337408 | M11: 9945079 | O11: =SUM(B11:N11) -> 53398961 | P11: =O11/$O$2 -> 1
A12: GUDIÑO GABRIELA | B12: 924914 | C12: 772916 | D12: 10359260 | E12: 398879 | F12: 4173672 | G12: 5557400 | K12: 20929433 | L12: 337408 | M12: 9945079 | O12: =SUM(B12:N12) -> 53398961 | P12: =O12/$O$2 -> 1
A13: HARRIAGUE LUCIA | B13: 832423 | C13: 695624 | D13: 9327007 | E13: 358991 | F13: 3756305 | G13: 5001660 | K13: 18836489 | L13: 303667 | M13: 8953645 | O13: =SUM(B13:N13) -> 48065811 | P13: =O13/$O$2 -> 0.90012633
... A22: VELA | B22: 660653 | C22: 493355 | D22: 6008896 | E22: 238479 | F22: 2115302 | G22: 2032738 | K22: 12798959 | L22: 241006 | M22: 7000039 | O22: =SUM(B22:N22) -> 31589427 | P22: =O22/$O$2 -> 0.59157381
B25: 45694 | C25: 45701 | D25: 45702 | E25: 45709 | F25: 45716 | J25: 45693 | K25: 45702 | L25: 45714 | M25: 45716 | O25: Totales
A26: ALVAREZ LUCAS | B26: 761142 | C26: 6758529.1 | D26: 362017 | E26: 8927555.4 | F26: 3778811.5 | J26: 59184.47 | K26: 3222290.4 | L26: 297005.06 | M26: 9311433.2 | O26: =SUM(B26:N26) -> 33477968 | P26: =O26/$O$26 -> 1
A27: BURGUEÑO LUCAS | B27: 761142 | C27: 6758529.1 | D27: 362017 | E27: 8927555.4 | F27: 3778811.5 | J27: 59184.47 | K27: 3222290.4 | L27: 297005.06 | M27: 9311433.2 | O27: =SUM(B27:N27) -> 33477968 | P27: =O27/$O$26 -> 1
A28: CASTRO | B28: 726195 | C28: 6758529.1 | D28: 362017 | E28: 8927555.4 | F28: 3778811.5 | J28: 59184.47 | K28: 3212040.7 | L28: 297005.06 | M28: 9311433.2 | O28: =SUM(B28:N28) -> 33432771 | P28: =O28/$O$26 -> 0.99864996
A29: CONSIGLI ROBERTO CARLOS | B29: 761142 | C29: 6758529.1 | D29: 362017 | E29: 8927555.4 | F29: 3778811.5 | J29: 59184.47 | K29: 3222290.4 | L29: 297005.06 | M29: 9311433.2 | O29: =SUM(B29:N29) -> 33477968 | P29: =O29/$O$26 -> 1
A30: DEGREEF | B30: 761142 | C30: 6758529.1 | D30: 362017 | E30: 8927555.4 | F30: 3778811.5 | J30: 59184.47 | K30: 3222290.4 | L30: 297005.06 | M30: 9311433.2 | O30: =SUM(B30:N30) -> 33477968 | P30: =O30/$O$26 -> 1
A31: ESPINOSA | B31: 543672 | C31: 4827520.8 | D31: 258583 | E31: 6376825.3 | F31: 2699151.1 | J31: 42274.62 | K31: 2301636 | L31: 212146.47 | M31: 6651023.7 | O31: =SUM(B31:N31) -> 23912833 | P31: =O31/$O$26 -> 0.71428567
A32: GARCIA | B32: 761142 | C32: 6758529.1 | D32: 362017 | E32: 8927555.4 | F32: 3778811.5 | J32: 59184.47 | K32: 3222290.4 | L32: 297005.06 | M32: 9311433.2 | O32: =SUM(B32:N32) -> 33477968 | P32: =O32/$O$26 -> 1
A33: GIOJA MARIO ERNESTO | B33: 543672 | C33: 4827520.8 | D33: 258583 | E33: 6376825.3 | F33: 2699151.1 | J33: 42274.62 | K33: 2301636 | L33: 212146.47 | M33: 6651023.7 | O33: =SUM(B33:N33) -> 23912833 | P33: =O33/$O$26 -> 0.71428567
A34: GOGORZA NICOLAS | B34: 761142 | C34: 6758529.1 | D34: 362017 | E34: 8927555.4 | F34: 3778811.5 | J34: 59184.47 | K34: 3222290.4 | L34: 297005.06 | M34: 9311433.2 | O34: =SUM(B34:N34) -> 33477968 | P34: =O34/$O$26 -> 1
A35: GRANDE NADIA | B35: 761142 | C35: 6758529.1 | D35: 362017 | E35: 8927555.4 | F35: 3778811.5 | J35: 59184.47 | K35: 3222290.4 | L35: 297005.06 | M35: 9311433.2 | O35: =SUM(B35:N35) -> 33477968 | P35: =O35/$O$26 -> 1
A36: GUDIÑO GABRIELA | B36: 761142 | C36: 6758529.1 | D36: 362017 | E36: 8927555.4 | F36: 3778811.5 | J36: 59184.47 | K36: 3222290.4 | L36: 297005.06 | M36: 9311433.2 | O36: =SUM(B36:N36) -> 33477968 | P36: =O36/$O$26 -> 1
A37: HARRIAGUE LUCIA | B37: 685027 | C37: 6082676.2 | D37: 325815 | E37: 8034799.9 | F37: 3400930.3 | J37: 53266.02 | K37: 2901086.4 | L37: 267304.56 | M37: 8380289.9 | O37: =SUM(B37:N37) -> 30131195 | P37: =O37/$O$26 -> 0.90003058
... A41: SAN MARTIN | B41: 761142 | C41: 6758529.1 | D41: 362017 | E41: 8927555.4 | F41: 3778811.5 | J41: 59184.47 | K41: 3222290.4 | L41: 297005.06 | M41: 9311433.2 | O41: =SUM(B41:N41) -> 33477968 | P41: =O41/$O$26 -> 1
A42: SALVAREZZA | B42: 308012 | C42: 5713446.7 | D42: $ - | E42: 7131435.1 | F42: 2664559.6 | J42: 50729.54 | K42: 2699841.5 | L42: 254575.77 | M42: 7913335.1 | O42: =SUM(B42:N42) -> 26735935 | P42: =O42/$O$26 -> 0.79861284
A43: SCHVARTZMAN MATIAS | B43: 761142 | C43: 6758529.1 | D43: 362017 | E43: 8927555.4 | F43: 3778811.5 | J43: 59184.47 | K43: 3222290.4 | L43: 297005.06 | M43: 9311433.2 | O43: =SUM(B43:N43) -> 33477968 | P43: =O43/$O$26 -> 1
A44: SERRANO GAMARRA JUAN | B44: 691680 | C44: 6758529.1 | D44: 362017 | E44: 8907986 | F44: 3739306.6 | J44: 59184.47 | K44: 3207795.4 | L44: 297005.06 | M44: 9296475.2 | O44: =SUM(B44:N44) -> 33319979 | P44: =O44/$O$26 -> 0.9952808
A45: TOTIS | B45: 761142 | C45: 6758529.1 | D45: 362017 | E45: 8927555.4 | F45: 3778811.5 | J45: 59184.47 | K45: 3222290.4 | L45: 297005.06 | M45: 9311433.2 | O45: =SUM(B45:N45) -> 33477968 | P45: =O45/$O$26 -> 1
A46: VELA | B46: 273466 | C46: 4823948.1 | D46: $ - | E46: 6100344.1 | F46: 2455708.4 | J46: 50729.54 | K46: 2249868 | L46: 254575.77 | M46: 7606227.1 | O46: =SUM(B46:N46) -> 23814867 | P46: =O46/$O$26 -> 0.71135939
B49: 45722 | C49: 45730 | D49: 45736 | E49: 45737 | F49: 45743 | G49: 45744 | J49: 45721 | K49: 45730 | L49: 45743 | M49: 45747 | O49: Totales
A50: ALVAREZ LUCAS | B50: 664347.31 | C50: 1606627.3 | D50: 9287868.5 | E50: 78118.88 | F50: 43598.13 | G50: 4262242.9 | J50: 59784.02 | K50: 1606627.3 | L50: 124039 | M50: 12818004 | O50: =SUM(B50:N50) -> 30551257 | P50: =O50/$O$50 -> 1
A51: BURGUEÑO LUCAS | B51: 664347.31 | C51: 1606627.3 | D51: 9287868.5 | E51: 78118.88 | F51: 43598.13 | G51: 4262242.9 | J51: 59784.02 | K51: 1606627.3 | L51: 124039 | M51: 12818004 | O51: =SUM(B51:N51) -> 30551257 | P51: =O51/$O$50 -> 1
A52: CASTRO | B52: 664347.31 | C52: 1606627.3 | D52: 9287868.5 | E52: 78118.88 | F52: 43598.13 | G52: 4262242.9 | J52: 59784.02 | K52: 1606627.3 | L52: 124039 | M52: 12818004 | O52: =SUM(B52:N52) -> 30551257 | P52: =O52/$O$50 -> 1
A53: CONSIGLI ROBERTO CARLOS | B53: 664347.31 | C53: 1606627.3 | D53: 9287868.5 | E53: 78118.88 | F53: 43598.13 | G53: 4262242.9 | J53: 59784.02 | K53: 1606627.3 | L53: 124039 | M53: 12818004 | O53: =SUM(B53:N53) -> 30551257 | P53: =O53/$O$50 -> 1
A54: DEGREEF | B54: 664347.31 | C54: 1606627.3 | D54: 9287868.5 | E54: 78118.88 | F54: 43598.13 | G54: 4262242.9 | J54: 59784.02 | K54: 1606627.3 | L54: 124039 | M54: 12818004 | O54: =SUM(B54:N54) -> 30551257 | P54: =O54/$O$50 -> 1
A55: ESPINOSA | B55: 474533.8 | C55: 1147590.9 | D55: 6634191.8 | E55: 55799.2 | F55: 31141.52 | G55: 3044459.2 | J55: 42702.87 | K55: 1147590.9 | L55: 88599 | M55: 9155717 | O55: =SUM(B55:N55) -> 21822326 | P55: =O55/$O$50 -> 0.7142857
A56: GARCIA | B56: 664347.31 | C56: 1606627.3 | D56: 9287868.5 | E56: 78118.88 | F56: 43598.13 | G56: 4262242.9 | J56: 59784.02 | K56: 1606627.3 | L56: 124039 | M56: 12818004 | O56: =SUM(B56:N56) -> 30551257 | P56: =O56/$O$50 -> 1
A57: GIOJA MARIO ERNESTO | B57: 474533.8 | C57: 1147590.9 | D57: 6634191.8 | E57: 55799.2 | F57: 31141.52 | G57: 3044459.2 | J57: 42702.87 | K57: 1147590.9 | L57: 88599 | M57: 9155717 | O57: =SUM(B57:N57) -> 21822326 | P57: =O57/$O$50 -> 0.7142857
A58: GOGORZA NICOLAS | B58: 664347.31 | C58: 1606627.3 | D58: 9287868.5 | E58: 78118.88 | F58: 43598.13 | G58: 4262242.9 | J58: 59784.02 | K58: 1606627.3 | L58: 124039 | M58: 12818004 | O58: =SUM(B58:N58) -> 30551257 | P58: =O58/$O$50 -> 1
A59: GRANDE NADIA | B59: 664347.31 | C59: 1606627.3 | D59: 9287868.5 | E59: 78118.88 | F59: 43598.13 | G59: 4262242.9 | J59: 59784.02 | K59: 1606627.3 | L59: 124039 | M59: 12818004 | O59: =SUM(B59:N59) -> 30551257 | P59: =O59/$O$50 -> 1
A60: GUDIÑO GABRIELA | B60: 664347.31 | C60: 1606627.3 | D60: 9287868.5 | E60: 78118.88 | F60: 43598.13 | G60: 4262242.9 | J60: 59784.02 | K60: 1606627.3 | L60: 124039 | M60: 12818004 | O60: =SUM(B60:N60) -> 30551257 | P60: =O60/$O$50 -> 1
A61: HARRIAGUE LUCIA | B61: 597912.58 | C61: 1445964.5 | D61: 8359081.6 | E61: 70306.99 | F61: 39238.31 | G61: 3836018.6 | J61: 53805.62 | K61: 1445964.5 | L61: 111635 | M61: 11536204 | O61: =SUM(B61:N61) -> 27496132 | P61: =O61/$O$50 -> 0.90000001
... A70: VELA | B70: 552413.39 | C70: 1277400.4 | D70: 6432621 | E70: 0 | F70: 35130.94 | G70: 3117072 | J70: 51243.45 | K70: 1277400.4 | L70: 106319 | M70: 10257280 | O70: =SUM(B70:N70) -> 23106881 | P70: =O70/$O$50 -> 0.75633158
B73: 45751 | C73: 45755 | D73: 45757 | E73: 45763 | F73: 45772 | G73: 45776 | H73: 45777 | J73: 45752 | K73: 45762 | L73: 45777 | O73: Totales
A74: ALVAREZ LUCAS | B74: 232112 | C74: 214410 | D74: 1593733 | E74: 12127715 | F74: 1810232 | G74: 242753 | H74: 1640180 | J74: 59784 | K74: 5488906 | L74: 10189889 | O74: =SUM(B74:N74) -> 33599714 | P74: =O74/$O$74 -> 1
A75: BURGUEÑO LUCAS | B75: 232112 | C75: 214410 | D75: 1593733 | E75: 12127715 | F75: 1810232 | G75: 242753 | H75: 1640180 | J75: 59784 | K75: 5488906 | L75: 10189889 | O75: =SUM(B75:N75) -> 33599714 | P75: =O75/$O$74 -> 1
A76: CASTRO | B76: 232112 | C76: 214410 | D76: 1593733 | E76: 12121904 | F76: 1810232 | G76: 242753 | H76: 1640180 | J76: 59784 | K76: 5488906 | L76: 10189889 | O76: =SUM(B76:N76) -> 33593903 | P76: =O76/$O$74 -> 0.99982705
A77: CONSIGLI ROBERTO CARLOS | B77: 232112 | C77: 214410 | D77: 1593733 | E77: 12127715 | F77: 1810232 | G77: 242753 | H77: 1640180 | J77: 59784 | K77: 5488906 | L77: 10189889 | O77: =SUM(B77:N77) -> 33599714 | P77: =O77/$O$74 -> 1
A78: DEGREEF | B78: 232112 | C78: 214410 | D78: 1593733 | E78: 12127715 | F78: 1810232 | G78: 242753 | H78: 1640180 | J78: 59784 | K78: 5488906 | L78: 10189889 | O78: =SUM(B78:N78) -> 33599714 | P78: =O78/$O$74 -> 1
A79: ESPINOSA | B79: 165794 | C79: 153150 | D79: 1138380 | E79: 8662654 | F79: 1293023 | G79: 173395 | H79: 1171557 | J79: 42702 | K79: 3920647 | L79: 7278492 | O79: =SUM(B79:N79) -> 23999794 | P79: =O79/$O$74 -> 0.71428566
A80: GARCIA | B80: 232112 | C80: 214410 | D80: 1593733 | E80: 12127715 | F80: 1810232 | G80: 242753 | H80: 1640180 | J80: 59784 | K80: 5488906 | L80: 10189889 | O80: =SUM(B80:N80) -> 33599714 | P80: =O80/$O$74 -> 1
A81: GIOJA MARIO ERNESTO | B81: 165794 | C81: 153150 | D81: 1138380 | E81: 8662654 | F81: 1293023 | G81: 173395 | H81: 1171557 | J81: 42702 | K81: 3920647 | L81: 7278492 | O81: =SUM(B81:N81) -> 23999794 | P81: =O81/$O$74 -> 0.71428566
A82: GOGORZA NICOLAS | B82: 232112 | C82: 214410 | D82: 1593733 | E82: 12127715 | F82: 1810232 | G82: 242753 | H82: 1640180 | J82: 59784 | K82: 5488906 | L82: 10189889 | O82: =SUM(B82:N82) -> 33599714 | P82: =O82/$O$74 -> 1
A83: GRANDE NADIA | B83: 232112 | C83: 214410 | D83: 1593733 | E83: 12127715 | F83: 1810232 | G83: 242753 | H83: 1640180 | J83: 59784 | K83: 5488906 | L83: 10189889 | O83: =SUM(B83:N83) -> 33599714 | P83: =O83/$O$74 -> 1
A84: GUDIÑO GABRIELA | B84: 232112 | C84: 214410 | D84: 1593733 | E84: 12127715 | F84: 1810232 | G84: 242753 | H84: 1640180 | J84: 59784 | K84: 5488906 | L84: 10189889 | O84: =SUM(B84:N84) -> 33599714 | P84: =O84/$O$74 -> 1
A85: HARRIAGUE LUCIA | B85: 208901 | C85: 192969 | D85: 1434360 | E85: 10914944 | F85: 1629209 | G85: 218478 | H85: 1476162 | J85: 53805 | K85: 4940015 | L85: 9170900 | O85: =SUM(B85:N85) -> 30239743 | P85: =O85/$O$74 -> 0.90000001
... A94: VELA | B94: 198578 | C94: 172832 | D94: 1353364 | E94: 9907836 | F94: 1551627 | G94: 197255 | H94: 1171557 | J94: 51243 | K94: 4666857 | L94: 8680613 | O94: =SUM(B94:N94) -> 27951762 | P94: =O94/$O$74 -> 0.83190476
B97: 45785 | C97: 45793 | D97: 45800 | E97: 45807 | J97: 45782 | K97: 45792 | L97: 45807 | O97: Totales
A98: ALVAREZ LUCAS | B98: 276484 | C98: 4347553 | D98: 11712625 | E98: 3450355 | K98: 6505173 | L98: 14198638 | O98: =SUM(B98:N98) -> 40490828 | P98: =O98/$O$98 -> 1
A99: BURGUEÑO LUCAS | B99: 276484 | C99: 4347553 | D99: 11712625 | E99: 3450355 | K99: 6505173 | L99: 14198638 | O99: =SUM(B99:N99) -> 40490828 | P99: =O99/$O$98 -> 1
A100: CASTRO | B100: 276484 | C100: 4347553 | D100: 11712625 | E100: 3450355 | K100: 6505173 | L100: 14198638 | O100: =SUM(B100:N100) -> 40490828 | P100: =O100/$O$98 -> 1
A101: CONSIGLI ROBERTO CARLOS | B101: 276484 | C101: 4347553 | D101: 11712625 | E101: 3450355 | K101: 6505173 | L101: 14198638 | O101: =SUM(B101:N101) -> 40490828 | P101: =O101/$O$98 -> 1
A102: DEGREEF | B102: 276484 | C102: 4347553 | D102: 11712625 | E102: 3450355 | K102: 6505173 | L102: 14198638 | O102: =SUM(B102:N102) -> 40490828 | P102: =O102/$O$98 -> 1
A103: ESPINOSA | B103: 197488 | C103: 3105395 | D103: 8366160 | E103: 2464539 | K103: 4646552 | L103: 10141884 | O103: =SUM(B103:N103) -> 28922018 | P103: =O103/$O$98 -> 0.71428566
A104: GARCIA | B104: 276484 | C104: 4347553 | D104: 11712625 | E104: 3450355 | K104: 6505173 | L104: 14198638 | O104: =SUM(B104:N104) -> 40490828 | P104: =O104/$O$98 -> 1
A105: GIOJA MARIO ERNESTO | B105: 197488 | C105: 3105395 | D105: 8366160 | E105: 2464539 | K105: 4646552 | L105: 10141884 | O105: =SUM(B105:N105) -> 28922018 | P105: =O105/$O$98 -> 0.71428566
A106: GOGORZA NICOLAS | B106: 276484 | C106: 4347553 | D106: 11712625 | E106: 3450355 | K106: 6505173 | L106: 14198638 | O106: =SUM(B106:N106) -> 40490828 | P106: =O106/$O$98 -> 1
A107: GRANDE NADIA | B107: 276484 | C107: 4347553 | D107: 11712625 | E107: 3450355 | K107: 6505173 | L107: 14198638 | O107: =SUM(B107:N107) -> 40490828 | P107: =O107/$O$98 -> 1
A108: GUDIÑO GABRIELA | B108: 276484 | C108: 4347553 | D108: 11712625 | E108: 3450355 | K108: 6505173 | L108: 14198638 | O108: =SUM(B108:N108) -> 40490828 | P108: =O108/$O$98 -> 1
A109: HARRIAGUE LUCIA | B109: 248835 | C109: 3912798 | D109: 10541362 | E109: 3105320 | K109: 5854655 | L109: 12778774 | O109: =SUM(B109:N109) -> 36441744 | P109: =O109/$O$98 -> 0.89999997
... A118: VELA | B118: 236986 | C118: 3560779 | D118: 9750683 | E118: 2954817 | K118: 5444697 | L118: 13595564 | O118: =SUM(B118:N118) -> 35543526 | P118: =O118/$O$98 -> 0.87781672
B121: 45813 | C121: 45821 | D121: 45826 | E121: 45834 | F121: 45835 | J121: 45812 | K121: 45813 | L121: 45825 | M121: 45835 | N121: 45838 | O121: Totales
A122: ALVAREZ LUCAS | B122: 1797641 | C122: 1327433 | D122: 11130572 | E122: 183796 | F122: 2596803 | J122: 986961 | K122: 169446 | L122: 9459055 | M122: 462168 | N122: 9643015 | O122: =SUM(B122:N122) -> 37756890 | P122: =O122/$O$122 -> 1
A123: BURGUEÑO LUCAS | B123: 1797641 | C123: 1327433 | D123: 11130572 | E123: 183796 | F123: 2596803 | J123: 986961 | K123: 169446 | L123: 9459055 | M123: 462168 | N123: 9643015 | O123: =SUM(B123:N123) -> 37756890 | P123: =O123/$O$122 -> 1
A124: CASTRO | B124: 1797641 | C124: 1327433 | D124: 11130572 | E124: 183796 | F124: 2512574 | J124: 986961 | K124: 169446 | L124: 9436399 | M124: 462168 | N124: 9643015 | O124: =SUM(B124:N124) -> 37650005 | P124: =O124/$O$122 -> 0.99716913
A125: CONSIGLI ROBERTO CARLOS | B125: 1797641 | C125: 1327433 | D125: 11130572 | E125: 183796 | F125: 2596803 | J125: 986961 | K125: 169446 | L125: 9459055 | M125: 462168 | N125: 9643015 | O125: =SUM(B125:N125) -> 37756890 | P125: =O125/$O$122 -> 1
A126: DEGREEF | B126: 1797641 | C126: 1327433 | D126: 11130572 | E126: 183796 | F126: 2596803 | J126: 986961 | K126: 169446 | L126: 9459055 | M126: 462168 | N126: 9643015 | O126: =SUM(B126:N126) -> 37756890 | P126: =O126/$O$122 -> 1
A127: ESPINOSA | B127: 1284029 | C127: 948166 | D127: 7950409 | E127: 131282 | F127: 1854859 | J127: 704972 | K127: 121033 | L127: 6756468 | M127: 330120 | N127: 6887868 | O127: =SUM(B127:N127) -> 26969206 | P127: =O127/$O$122 -> 0.71428568
A128: GARCIA | B128: 1797641 | C128: 1327433 | D128: 11130572 | E128: 183796 | F128: 2596803 | J128: 986961 | K128: 169446 | L128: 9459055 | M128: 462168 | N128: 9643015 | O128: =SUM(B128:N128) -> 37756890 | P128: =O128/$O$122 -> 1
A129: GIOJA MARIO ERNESTO | B129: 1284029 | C129: 948166 | D129: 7950409 | E129: 131282 | F129: 1854859 | J129: 704972 | K129: 121033 | L129: 6756468 | M129: 330120 | N129: 6887868 | O129: =SUM(B129:N129) -> 26969206 | P129: =O129/$O$122 -> 0.71428568
A130: GOGORZA NICOLAS | B130: 1797641 | C130: 1327433 | D130: 11130572 | E130: 183796 | F130: 2596803 | J130: 986961 | K130: 169446 | L130: 9459055 | M130: 462168 | N130: 9643015 | O130: =SUM(B130:N130) -> 37756890 | P130: =O130/$O$122 -> 1
A131: GRANDE NADIA | B131: 1797641 | C131: 1327433 | D131: 11130572 | E131: 183796 | F131: 2596803 | J131: 986961 | K131: 169446 | L131: 9459055 | M131: 462168 | N131: 9643015 | O131: =SUM(B131:N131) -> 37756890 | P131: =O131/$O$122 -> 1
A132: GUDIÑO GABRIELA | B132: 1797641 | C132: 1327433 | D132: 11130572 | E132: 183796 | F132: 2596803 | J132: 986961 | K132: 169446 | L132: 9459055 | M132: 462168 | N132: 9643015 | O132: =SUM(B132:N132) -> 37756890 | P132: =O132/$O$122 -> 1
A133: HARRIAGUE LUCIA | B133: 1590513 | C133: 1194689 | D133: 10017515 | E133: 153306 | F133: 2337123 | J133: 888265 | K133: 135557 | L133: 8513149 | M133: 369734 | N133: 7816904 | O133: =SUM(B133:N133) -> 33016755 | P133: =O133/$O$122 -> 0.87445642
... A142: VELA | B142: 1718949 | C142: 1283887 | D142: 9607350 | E142: 174838 | F142: 2336289 | J142: 939534 | K142: 169446 | L142: 8530871 | M142: 462168 | N142: 9608664 | O142: =SUM(B142:N142) -> 34831996 | P142: =O142/$O$122 -> 0.9225335
B145: 45841 | C145: 45842 | D145: 45848 | E145: 45855 | F145: 45862 | G145: 45863 | H145: 45868 | J145: 45843 | K145: 45853 | L145: 45865 | M145: 45869 | O145: Totales
A146: ALVAREZ LUCAS | B146: 246871 | C146: 955774 | D146: 1852836 | E146: 4842605 | F146: 3507887 | G146: 4120297 | H146: 8269739 | J146: 212333 | K146: 7430652 | L146: 323414 | M146: 13754887 | O146: =SUM(B146:N146) -> 45517295 | P146: =O146/$O$146 -> 1
A147: BURGUEÑO LUCAS | B147: 246871 | C147: 955774 | D147: 1852836 | E147: 4842605 | F147: 3507887 | G147: 4120297 | H147: 8269739 | J147: 212333 | K147: 7430652 | L147: 323414 | M147: 13754887 | O147: =SUM(B147:N147) -> 45517295 | P147: =O147/$O$146 -> 1
A148: CASTRO | B148: 246871 | C148: 955774 | D148: 1852836 | E148: 4842605 | F148: 3507887 | G148: 4120297 | H148: 8269739 | J148: 212333 | K148: 7430652 | L148: 323414 | M148: 13754887 | O148: =SUM(B148:N148) -> 45517295 | P148: =O148/$O$146 -> 1
A149: CONSIGLI ROBERTO CARLOS | B149: 246871 | C149: 955774 | D149: 1852836 | E149: 4842605 | F149: 3507887 | G149: 4120297 | H149: 8269739 | J149: 212333 | K149: 7430652 | L149: 323414 | M149: 13754887 | O149: =SUM(B149:N149) -> 45517295 | P149: =O149/$O$146 -> 1
A150: DEGREEF | B150: 246871 | C150: 955774 | D150: 1852836 | E150: 4842605 | F150: 3507887 | G150: 4120297 | H150: 8269739 | J150: 212333 | K150: 7430652 | L150: 323414 | M150: 13754887 | O150: =SUM(B150:N150) -> 45517295 | P150: =O150/$O$146 -> 1
A151: ESPINOSA | B151: 176336 | C151: 682696 | D151: 1323454 | E151: 3459003 | F151: 2505633 | G151: 2943069 | H151: 5906956 | J151: 151667 | K151: 5307609 | L151: 231010 | M151: 9824919 | O151: =SUM(B151:N151) -> 32512352 | P151: =O151/$O$146 -> 0.71428568
A152: GARCIA | B152: 246871 | C152: 955774 | D152: 1852836 | E152: 4842605 | F152: 3507887 | G152: 4120297 | H152: 8269739 | J152: 212333 | K152: 7430652 | L152: 323414 | M152: 13754887 | O152: =SUM(B152:N152) -> 45517295 | P152: =O152/$O$146 -> 1
A153: GIOJA MARIO ERNESTO | B153: 176336 | C153: 682696 | D153: 1323454 | E153: 3459003 | F153: 2505633 | G153: 2943069 | H153: 5906956 | J153: 151667 | K153: 5307609 | L153: 231010 | M153: 9824919 | O153: =SUM(B153:N153) -> 32512352 | P153: =O153/$O$146 -> 0.71428568
A154: GOGORZA NICOLAS | B154: 246871 | C154: 955774 | D154: 1852836 | E154: 4842605 | F154: 3507887 | G154: 4120297 | H154: 8269739 | J154: 212333 | K154: 7430652 | L154: 323414 | M154: 13754887 | O154: =SUM(B154:N154) -> 45517295 | P154: =O154/$O$146 -> 1
A155: GRANDE NADIA | B155: 246871 | C155: 955774 | D155: 1852836 | E155: 4842605 | F155: 3507887 | G155: 4120297 | H155: 8269739 | J155: 212333 | K155: 7430652 | L155: 323414 | M155: 13754887 | O155: =SUM(B155:N155) -> 45517295 | P155: =O155/$O$146 -> 1
...

Sheet 2024
A1: Socio | B1: ADV 0401 | C1: ADV 1201 | D1: ADV 1901 | E1: ADV 2601 | F1: ADV 2112 | H1: NQN 0501 | I1: NQN 1501 | J1: NQN 2601 | K1: NQN 3101 | M1: Totales | N1: Columna2 | O1: Columna3 | P1: Columna4
A2: ALVAREZ LUCAS | B2: 745983.26 | C2: 1583630.9 | D2: 464600.74 | E2: 1127053.6 | H2: 102515.27 | I2: 1803386.7 | J2: 164980.95 | K2: 2985589.6 | M2: =SUM(B2:L2) -> 8977741 | N2: =M2/SUM($M$2:$M$19) -> 0.059079724 | O2: =N2/$N$2 -> 1 | P2: ALVAREZ LUCAS
A3: BURGUEÑO LUCAS | B3: 745983.26 | C3: 1583630.9 | D3: 464600.74 | E3: 1127053.6 | H3: 102515.27 | I3: 1803386.7 | J3: 164980.95 | K3: 2985589.6 | M3: =SUM(B3:L3) -> 8977741 | N3: =M3/SUM($M$2:$M$19) -> 0.059079724 | O3: =N3/$N$2 -> 1 | P3: BURGUEÑO LUCAS
A4: CONSIGLI ROBERTO CARLOS | B4: 745983.26 | C4: 1583630.9 | D4: 464600.74 | E4: 1127053.6 | H4: 102515.27 | I4: 1803386.7 | J4: 164980.95 | K4: 2985589.6 | M4: =SUM(B4:L4) -> 8977741 | N4: =M4/SUM($M$2:$M$19) -> 0.059079724 | O4: =N4/$N$2 -> 1 | P4: CONSIGLI ROBERTO CARLOS
A5: DEGREEF | B5: 474107.84 | C5: 1008168.5 | D5: 397520.19 | E5: 1147709.3 | H5: 94356.309 | I5: 1798947.8 | J5: 164980.95 | K5: 2976993.3 | M5: =SUM(B5:L5) -> 8062784.1 | N5: =M5/SUM($M$2:$M$19) -> 0.053058677 | O5: =N5/$N$2 -> 0.89808607 | P5: DEGREEF
A6: ESPINOSA | B6: 653200.8 | C6: 1378432.2 | D6: 354321.74 | E6: 855930.84 | H6: 76024.448 | I6: 1311519.6 | J6: 117843.53 | K6: 2412214.2 | M6: =SUM(B6:L6) -> 7159487.4 | N6: =M6/SUM($M$2:$M$19) -> 0.047114362 | O6: =N6/$N$2 -> 0.79747092 | P6: ESPINOSA
A7: GARCIA | B7: 745983.26 | C7: 1583630.9 | D7: 464600.74 | E7: 1127053.6 | H7: 102515.27 | I7: 1803386.7 | J7: 164980.95 | K7: 2985589.6 | M7: =SUM(B7:L7) -> 8977741 | N7: =M7/SUM($M$2:$M$19) -> 0.059079724 | O7: =N7/$N$2 -> 1 | P7: GARCIA
A8: GIOJA MARIO ERNESTO | B8: 541846.76 | C8: 1150951.3 | D8: 345093.19 | E8: 820974.2 | H8: 73556.903 | I8: 1304370.2 | J8: 117843.53 | K8: 2157223 | M8: =SUM(B8:L8) -> 6511859.1 | N8: =M8/SUM($M$2:$M$19) -> 0.042852521 | O8: =N8/$N$2 -> 0.72533382 | P8: GIOJA MARIO ERNESTO
A9: GOGORZA NICOLAS | B9: 745983.26 | C9: 1583630.9 | D9: 464600.74 | E9: 1127053.6 | H9: 102515.27 | I9: 1803386.7 | J9: 164980.95 | K9: 2985589.6 | M9: =SUM(B9:L9) -> 8977741 | N9: =M9/SUM($M$2:$M$19) -> 0.059079724 | O9: =N9/$N$2 -> 1 | P9: GOGORZA NICOLAS
A10: GRANDE NADIA | B10: 745983.26 | C10: 1583630.9 | D10: 464600.74 | E10: 1127053.6 | H10: 102515.27 | I10: 1803386.7 | J10: 164980.95 | K10: 2985589.6 | M10: =SUM(B10:L10) -> 8977741 | N10: =M10/SUM($M$2:$M$19) -> 0.059079724 | O10: =N10/$N$2 -> 1 | P10: GRANDE NADIA
A11: GUDIÑO GABRIELA | B11: 745983.26 | C11: 1583630.9 | D11: 464600.74 | E11: 1127053.6 | H11: 102515.27 | I11: 1803386.7 | J11: 164980.95 | K11: 2985589.6 | M11: =SUM(B11:L11) -> 8977741 | N11: =M11/SUM($M$2:$M$19) -> 0.059079724 | O11: =N11/$N$2 -> 1 | P11: GUDIÑO GABRIELA
A12: HARRIAGUE LUCIA | B12: 564601.75 | C12: 1206686 | D12: 339135.24 | E12: 848859.25 | H12: 95126.735 | I12: 1347666 | J12: 164980.95 | K12: 2550034.4 | M12: =SUM(B12:L12) -> 7117090.3 | N12: =M12/SUM($M$2:$M$19) -> 0.04683536 | O12: =N12/$N$2 -> 0.79274846 | P12: HARRIAGUE LUCIA
A13: MACIAS | B13: 745983.26 | C13: 1583630.9 | D13: 464600.74 | E13: 1127053.6 | H13: 102515.27 | I13: 1803386.7 | J13: 164980.95 | K13: 2985589.6 | M13: =SUM(B13:L13) -> 8977741 | N13: =M13/SUM($M$2:$M$19) -> 0.059079724 | O13: =N13/$N$2 -> 1 | P13: MACIAS
... A19: TOTIS | B19: 718521.94 | C19: 1459779.2 | D19: 401406.03 | E19: 1073859.8 | H19: 99478.115 | I19: 1356646.8 | J19: 164980.95 | K19: 2911513 | M19: =SUM(B19:L19) -> 8186185.8 | N19: =M19/SUM($M$2:$M$19) -> 0.053870745 | O19: =N19/$N$2 -> 0.91183137 | P19: TOTIS
A20: TOTALES | B20: =SUM(B2:B19) -> 12500836 | C20: =SUM(C2:C19) -> 26474492 | D20: =SUM(D2:D19) -> 7790946 | E20: =SUM(E2:E19) -> 19174343 | F20: =SUM(F2:F19) -> 0 | G20: =SUM(G2:G19) -> 0 | H20: =SUM(H2:H19) -> 1750737.9 | I20: =SUM(I2:I19) -> 30202500 | ... N20: =SUM(N2:N19) -> 1
A23: Socio | B23: ADV 0202 | C23: ADV 0902 | D23: ADV 1602 | E23: ADV 2302 | F23: ADV 2802 | G23: ADV0103 | H23: NQN 0502 | I23: NQN 1602 | J23: NQN 2602 | K23: NQN 2902 | M23: Totales | N23: Columna2 | O23: Columna3 | P23: Columna4
A24: ALVAREZ LUCAS | B24: 472240.28 | C24: 1659869.2 | D24: 2706373.5 | E24: 1398561.4 | F24: 68863.461 | G24: 448001.15 | H24: 0 | I24: 3946566.2 | J24: 37038.084 | K24: 2590955 | M24: =SUM(B24:L24) -> 13328468 | N24: =M24/SUM($M$24:$M$41) -> 0.058665381 | O24: =N24/$N$24 -> 1 | P24: ALVAREZ LUCAS
A25: BURGUEÑO LUCAS | B25: 472240.28 | C25: 1659869.2 | D25: 2706373.5 | E25: 1398561.4 | F25: 68863.461 | G25: 448001.15 | H25: 0 | I25: 3946566.2 | J25: 37038.084 | K25: 2590955 | M25: =SUM(B25:L25) -> 13328468 | N25: =M25/SUM($M$24:$M$41) -> 0.058665381 | O25: =N25/$N$24 -> 1 | P25: BURGUEÑO LUCAS
A26: CONSIGLI ROBERTO CARLOS | B26: 472240.28 | C26: 1659869.2 | D26: 2706373.5 | E26: 1398561.4 | F26: 68863.461 | G26: 448001.15 | H26: 0 | I26: 3946566.2 | J26: 37038.084 | K26: 2590955 | M26: =SUM(B26:L26) -> 13328468 | N26: =M26/SUM($M$24:$M$41) -> 0.058665381 | O26: =N26/$N$24 -> 1 | P26: CONSIGLI ROBERTO CARLOS
A27: DEGREEF | B27: 414843.54 | C27: 1653214.8 | D27: 2700330.7 | E27: 1398561.4 | F27: 68863.461 | G27: 448001.15 | H27: 0 | I27: 3939140.5 | J27: 37038.084 | K27: 2590955 | M27: =SUM(B27:L27) -> 13250949 | N27: =M27/SUM($M$24:$M$41) -> 0.058324178 | O27: =N27/$N$24 -> 0.9941839 | P27: DEGREEF
A28: ESPINOSA | B28: 379117.79 | C28: 1228723.4 | D28: 1975072.9 | E28: 1018035.4 | F28: 49188.187 | G28: 320000.82 | H28: 0 | I28: 2822158.7 | J28: 26455.774 | K28: 1851223.8 | M28: =SUM(B28:L28) -> 9669976.7 | N28: =M28/SUM($M$24:$M$41) -> 0.042562495 | O28: =N28/$N$24 -> 0.72551297 | P28: ESPINOSA
A29: GARCIA | B29: 472240.28 | C29: 1659869.2 | D29: 2706373.5 | E29: 1398561.4 | F29: 68863.461 | G29: 448001.15 | H29: 0 | I29: 3946566.2 | J29: 37038.084 | K29: 2590955 | M29: =SUM(B29:L29) -> 13328468 | N29: =M29/SUM($M$24:$M$41) -> 0.058665381 | O29: =N29/$N$24 -> 1 | P29: GARCIA
A30: GIOJA MARIO ERNESTO | B30: 342083.11 | C30: 1205588.5 | D30: 1969697.3 | E30: 1006871.3 | F30: 49188.187 | G30: 320000.82 | H30: 0 | I30: 2820153.7 | J30: 26455.774 | K30: 1851210.5 | M30: =SUM(B30:L30) -> 9591249.2 | N30: =M30/SUM($M$24:$M$41) -> 0.042215975 | O30: =N30/$N$24 -> 0.71960625 | P30: GIOJA MARIO ERNESTO
A31: GOGORZA NICOLAS | B31: 472240.28 | C31: 1659869.2 | D31: 2706373.5 | E31: 1398561.4 | F31: 68863.461 | G31: 448001.15 | H31: 0 | I31: 3946566.2 | J31: 37038.084 | K31: 2590955 | M31: =SUM(B31:L31) -> 13328468 | N31: =M31/SUM($M$24:$M$41) -> 0.058665381 | O31: =N31/$N$24 -> 1 | P31: GOGORZA NICOLAS
A32: GRANDE NADIA | B32: 472240.28 | C32: 1659869.2 | D32: 2706373.5 | E32: 1398561.4 | F32: 68863.461 | G32: 448001.15 | H32: 0 | I32: 3946566.2 | J32: 37038.084 | K32: 2590955 | M32: =SUM(B32:L32) -> 13328468 | N32: =M32/SUM($M$24:$M$41) -> 0.058665381 | O32: =N32/$N$24 -> 1 | P32: GRANDE NADIA
A33: GUDIÑO GABRIELA | B33: 472240.28 | C33: 1659869.2 | D33: 2706373.5 | E33: 1398561.4 | F33: 68863.461 | G33: 448001.15 | H33: 0 | I33: 3946566.2 | J33: 37038.084 | K33: 2590955 | M33: =SUM(B33:L33) -> 13328468 | N33: =M33/SUM($M$24:$M$41) -> 0.058665381 | O33: =N33/$N$24 -> 1 | P33: GUDIÑO GABRIELA
A34: HARRIAGUE LUCIA | B34: 372244.49 | C34: 1312161.4 | D34: 2055219.4 | E34: 1228229.6 | F34: 62869.197 | G34: 444727.29 | H34: 0 | I34: 3902234.7 | J34: 37038.084 | K34: 2579137.9 | M34: =SUM(B34:L34) -> 11993862 | N34: =M34/SUM($M$24:$M$41) -> 0.052791099 | O34: =N34/$N$24 -> 0.899868 | P34: HARRIAGUE LUCIA
A35: MACIAS | B35: 472240.28 | C35: 1659869.2 | D35: 2706373.5 | E35: 1398561.4 | F35: 68863.461 | G35: 448001.15 | H35: 0 | I35: 3946566.2 | J35: 37038.084 | K35: 2590955 | M35: =SUM(B35:L35) -> 13328468 | N35: =M35/SUM($M$24:$M$41) -> 0.058665381 | O35: =N35/$N$24 -> 1 | P35: MACIAS
... A38: SAN MARTIN | B38: 472240.28 | C38: 1659869.2 | D38: 2706373.5 | E38: 1398561.4 | F38: 68863.461 | G38: 448001.15 | H38: 0 | I38: 3946566.2 | J38: 37038.084 | K38: 2590955 | M38: =SUM(B38:L38) -> 13328468 | N38: =M38/SUM($M$24:$M$41) -> 0.058665381 | O38: =N38/$N$24 -> 1 | P38: SAN MARTIN
A39: SCHVARTZMAN MATIAS | B39: 472240.28 | C39: 1659869.2 | D39: 2706373.5 | E39: 1398561.4 | F39: 68863.461 | G39: 448001.15 | H39: 0 | I39: 3946566.2 | J39: 37038.084 | K39: 2590955 | M39: =SUM(B39:L39) -> 13328468 | N39: =M39/SUM($M$24:$M$41) -> 0.058665381 | O39: =N39/$N$24 -> 1 | P39: SCHVARTZMAN MATIAS | V39: 0.6667 | W39: =V46*V39 -> 10131523
A40: SERRANO GAMARRA JUAN | B40: 377792.22 | C40: 1328641.4 | D40: 2165059 | E40: 1118849.2 | F40: 55090.769 | G40: 358400.92 | H40: 0 | I40: 3157253 | J40: 29630.467 | K40: 2072764 | M40: =SUM(B40:L40) -> 10663481 | N40: =M40/SUM($M$24:$M$41) -> 0.046935414 | O40: =N40/$N$24 -> 0.80005299 | P40: SERRANO GAMARRA JUAN | U40: =(M42+M64+M86)/3 -> 2.7737427e+08 | V40: =15 -> 15 | Y40: 15
A41: TOTIS | B41: 447486.59 | C41: 1384667.6 | D41: 1920560.7 | E41: 1281687.4 | F41: 68863.461 | G41: 448001.15 | H41: 0 | I41: 3912801.6 | J41: 37038.084 | K41: 2582534.2 | M41: =SUM(B41:L41) -> 12083641 | N41: =M41/SUM($M$24:$M$41) -> 0.053186261 | O41: =N41/$N$24 -> 0.90660386 | P41: TOTIS | V41: =3*0.6667 -> 2.0001 | Y41: =0.7142*2 -> 1.4284 | Z41: =Y41*Y46/2 -> 11498497
A42: TOTALES | B42: =SUM(B24:B41) -> 8000451.1 | C42: =SUM(C24:C41) -> 28031428 | D42: =SUM(D24:D41) -> 45262422 | E42: =SUM(E24:E41) -> 23834972 | F42: =SUM(F24:F41) -> 1180424.8 | G42: =SUM(G24:G41) -> 7715145.9 | H42: =SUM(H24:H41) -> 0 | I42: =SUM(I24:I41) -> 67912536 | ... N42: =SUM(N24:N41) -> 1 | V42: 0.5 | W42: =V46*V42 -> 7598262.2 | Y42: 0.8
V43: =0.8-(5/7-4/6) -> 0.75238095 | W43: =V46*V43 -> 11433575 | Y43: =SUM(Y40:Y42) -> 17.2284
V44: =SUM(V40:V43) -> 18.252481
A45: Socio | B45: ADV 0803 | C45: ADV 1503 | D45: ADV 2203 | E45: ADV 2803 | H45: NQN 0503 | I45: NQN 1503 | J45: NQN 2603 | K45: NQN 2703 | M45: Totales | N45: Columna2 | O45: Columna3 | P45: Columna4
A46: ALVAREZ LUCAS | B46: 1411169.4 | C46: 900999.29 | D46: 1517193.8 | E46: 1783380 | H46: 42572.189 | I46: 6825219.5 | J46: 48411.547 | K46: 4175701.6 | M46: =SUM(B46:L46) -> 16704647 | N46: =M46/SUM($M$46:$M$63) -> 0.058673112 | O46: =N46/$N$46 -> 1 | P46: ALVAREZ LUCAS | V46: =U40/V44 -> 15196524 | Y46: =U40/Y43 -> 16099828
A47: BURGUEÑO LUCAS | B47: 1411169.4 | C47: 900999.29 | D47: 1517193.8 | E47: 1783380 | H47: 42572.189 | I47: 6825219.5 | J47: 48411.547 | K47: 4175701.6 | M47: =SUM(B47:L47) -> 16704647 | N47: =M47/SUM($M$46:$M$63) -> 0.058673112 | O47: =N47/$N$46 -> 1 | P47: BURGUEÑO LUCAS
A48: CONSIGLI ROBERTO CARLOS | B48: 1411169.4 | C48: 900999.29 | D48: 1517193.8 | E48: 1783380 | H48: 42572.189 | I48: 6825219.5 | J48: 48411.547 | K48: 4175701.6 | M48: =SUM(B48:L48) -> 16704647 | N48: =M48/SUM($M$46:$M$63) -> 0.058673112 | O48: =N48/$N$46 -> 1 | P48: CONSIGLI ROBERTO CARLOS
A49: DEGREEF | B49: 1411169.4 | C49: 900999.29 | D49: 1518051.5 | E49: 1783380 | H49: 42572.189 | I49: 6823428.9 | J49: 48411.547 | K49: 4175701.6 | M49: =SUM(B49:L49) -> 16703714 | N49: =M49/SUM($M$46:$M$63) -> 0.058669835 | O49: =N49/$N$46 -> 0.99994415 | P49: DEGREEF
A50: ESPINOSA | B50: 1024795.6 | C50: 643570.92 | D50: 1083890.6 | E50: 1276762.8 | H50: 30408.706 | I50: 4928982.4 | J50: 34579.676 | K50: 2982702.6 | M50: =SUM(B50:L50) -> 12005693 | N50: =M50/SUM($M$46:$M$63) -> 0.042168587 | O50: =N50/$N$46 -> 0.71870378 | P50: ESPINOSA
A51: GARCIA | B51: 1411169.4 | C51: 900999.29 | D51: 1517193.8 | E51: 1783380 | H51: 42572.189 | I51: 6825219.5 | J51: 48411.547 | K51: 4175701.6 | M51: =SUM(B51:L51) -> 16704647 | N51: =M51/SUM($M$46:$M$63) -> 0.058673112 | O51: =N51/$N$46 -> 1 | P51: GARCIA
A52: GIOJA MARIO ERNESTO | B52: 1024795.6 | C52: 643570.92 | D52: 1084761.6 | E52: 1276762.8 | H52: 30408.706 | I52: 4926625.4 | J52: 34579.676 | K52: 2982702.6 | M52: =SUM(B52:L52) -> 12004207 | N52: =M52/SUM($M$46:$M$63) -> 0.042163368 | O52: =N52/$N$46 -> 0.71861483 | P52: GIOJA MARIO ERNESTO
A53: GOGORZA NICOLAS | B53: 1411169.4 | C53: 900999.29 | D53: 1517193.8 | E53: 1783380 | H53: 42572.189 | I53: 6825219.5 | J53: 48411.547 | K53: 4175701.6 | M53: =SUM(B53:L53) -> 16704647 | N53: =M53/SUM($M$46:$M$63) -> 0.058673112 | O53: =N53/$N$46 -> 1 | P53: GOGORZA NICOLAS
A54: GRANDE NADIA | B54: 1411169.4 | C54: 900999.29 | D54: 1517193.8 | E54: 1783380 | H54: 42572.189 | I54: 6825219.5 | J54: 48411.547 | K54: 4175701.6 | M54: =SUM(B54:L54) -> 16704647 | N54: =M54/SUM($M$46:$M$63) -> 0.058673112 | O54: =N54/$N$46 -> 1 | P54: GRANDE NADIA
A55: GUDIÑO GABRIELA | B55: 1411169.4 | C55: 900999.29 | D55: 1517193.8 | E55: 1783380 | H55: 42572.189 | I55: 6825219.5 | J55: 48411.547 | K55: 4175701.6 | M55: =SUM(B55:L55) -> 16704647 | N55: =M55/SUM($M$46:$M$63) -> 0.058673112 | O55: =N55/$N$46 -> 1 | P55: GUDIÑO GABRIELA
A56: HARRIAGUE LUCIA | B56: 1111206.7 | C56: 899240.62 | D56: 1446299.2 | E56: 1568390.7 | H56: 42572.189 | I56: 5690143.1 | J56: 48411.547 | K56: 4174694.2 | M56: =SUM(B56:L56) -> 14980958 | N56: =M56/SUM($M$46:$M$63) -> 0.052618856 | O56: =N56/$N$46 -> 0.89681379 | P56: HARRIAGUE LUCIA
A57: MACIAS | B57: 1411169.4 | C57: 900999.29 | D57: 1517193.8 | E57: 1783380 | H57: 42572.189 | I57: 6825219.5 | J57: 48411.547 | K57: 4175701.6 | M57: =SUM(B57:L57) -> 16704647 | N57: =M57/SUM($M$46:$M$63) -> 0.058673112 | O57: =N57/$N$46 -> 1 | P57: MACIAS
A58: MELO MAURO | B58: 1411169.4 | C58: 900999.29 | D58: 1517193.8 | E58: 1783380 | H58: 42572.189 | I58: 6825219.5 | J58: 48411.547 | K58: 4175701.6 | M58: =SUM(B58:L58) -> 16704647 | N58: =M58/SUM($M$46:$M$63) -> 0.058673112 | O58: =N58/$N$46 -> 1 | P58: MELO MAURO
... A63: TOTIS | B63: 1070362 | C63: 900999.29 | D63: 1476287.7 | E63: 1690472.5 | H63: 42572.189 | I63: 5790037.3 | J63: 48411.547 | K63: 4173836 | M63: =SUM(B63:L63) -> 15192978 | N63: =M63/SUM($M$46:$M$63) -> 0.053363552 | O63: =N63/$N$46 -> 0.90950609 | P63: TOTIS
A64: TOTALES | B64: =SUM(B46:B63) -> 23705298 | C64: =SUM(C46:C63) -> 15521172 | D64: =SUM(D46:D63) -> 26029364 | E64: =SUM(E46:E63) -> 30423033 | F64: =SUM(F46:F63) -> 0 | G64: =SUM(G46:G63) -> 0 | H64: =SUM(H46:H63) -> 733458 | I64: =SUM(I46:I63) -> 1.1552203e+08 | ... N64: =SUM(N46:N63) -> 1
A67: Socio | B67: ADV 0604 | C67: ADV 1104 | D67: ADV 1204 | E67: ADV 1904 | F67: ADV 2604 | H67: NQN 0504 | I67: NQN 1504 | J67: NQN 2604 | K67: NQN 3004 | M67: Totales | N67: Columna2 | O67: Columna3 | P67: Columna4
A68: ALVAREZ LUCAS | B68: 730949.74 | C68: 1601253.3 | D68: 113062.7 | E68: 2466321.2 | F68: 3570526.4 | H68: 36473.301 | I68: 3783801.5 | J68: 352625.34 | K68: 5942493.7 | M68: =SUM(B68:L68) -> 18597507 | N68: =M68/SUM($M$68:$M$85) -> 0.058077099 | O68: =N68/$N$68 -> 1 | P68: ALVAREZ LUCAS
A69: BURGUEÑO LUCAS | B69: 730949.74 | C69: 1601253.3 | D69: 113062.7 | E69: 2466321.2 | F69: 3570526.4 | H69: 36473.301 | I69: 3783801.5 | J69: 352625.34 | K69: 5942493.7 | M69: =SUM(B69:L69) -> 18597507 | N69: =M69/SUM($M$68:$M$85) -> 0.058077099 | O69: =N69/$N$68 -> 1 | P69: BURGUEÑO LUCAS
A70: CONSIGLI ROBERTO CARLOS | B70: 730949.74 | C70: 1601253.3 | D70: 113062.7 | E70: 2466321.2 | F70: 3570526.4 | H70: 36473.301 | I70: 3783801.5 | J70: 352625.34 | K70: 5942493.7 | M70: =SUM(B70:L70) -> 18597507 | N70: =M70/SUM($M$68:$M$85) -> 0.058077099 | O70: =N70/$N$68 -> 1 | P70: CONSIGLI ROBERTO CARLOS
A71: DEGREEF | B71: 730949.74 | C71: 1601253.3 | D71: 113062.7 | E71: 2466321.2 | F71: 3570526.4 | H71: 36473.301 | I71: 3783801.5 | J71: 352625.34 | K71: 5942493.7 | M71: =SUM(B71:L71) -> 18597507 | N71: =M71/SUM($M$68:$M$85) -> 0.058077099 | O71: =N71/$N$68 -> 1 | P71: DEGREEF
A72: ESPINOSA | B72: 522106.96 | C72: 1145417.1 | D72: 80759.069 | E72: 1764535.9 | F72: 2551051.8 | H72: 26052.358 | I72: 2703191.8 | J72: 251875.24 | K72: 4244638.4 | M72: =SUM(B72:L72) -> 13289629 | N72: =M72/SUM($M$68:$M$85) -> 0.041501427 | O72: =N72/$N$68 -> 0.71459194 | P72: ESPINOSA
A73: GARCIA | B73: 730949.74 | C73: 1601253.3 | D73: 113062.7 | E73: 2466321.2 | F73: 3570526.4 | H73: 36473.301 | I73: 3783801.5 | J73: 352625.34 | K73: 5942493.7 | M73: =SUM(B73:L73) -> 18597507 | N73: =M73/SUM($M$68:$M$85) -> 0.058077099 | O73: =N73/$N$68 -> 1 | P73: GARCIA
A74: GIOJA MARIO ERNESTO | B74: 522106.96 | C74: 1145417.1 | D74: 80759.069 | E74: 1761816.3 | F74: 2551051.8 | H74: 26052.358 | I74: 2703191.8 | J74: 251875.24 | K74: 4244638.4 | M74: =SUM(B74:L74) -> 13286909 | N74: =M74/SUM($M$68:$M$85) -> 0.041492934 | O74: =N74/$N$68 -> 0.7144457 | P74: GIOJA MARIO ERNESTO
A75: GOGORZA NICOLAS | B75: 730949.74 | C75: 1601253.3 | D75: 113062.7 | E75: 2466321.2 | F75: 3570526.4 | H75: 36473.301 | I75: 3783801.5 | J75: 352625.34 | K75: 5942493.7 | M75: =SUM(B75:L75) -> 18597507 | N75: =M75/SUM($M$68:$M$85) -> 0.058077099 | O75: =N75/$N$68 -> 1 | P75: GOGORZA NICOLAS
A76: GRANDE NADIA | B76: 730949.74 | C76: 1601253.3 | D76: 113062.7 | E76: 2466321.2 | F76: 3570526.4 | H76: 36473.301 | I76: 3783801.5 | J76: 352625.34 | K76: 5942493.7 | M76: =SUM(B76:L76) -> 18597507 | N76: =M76/SUM($M$68:$M$85) -> 0.058077099 | O76: =N76/$N$68 -> 1 | P76: GRANDE NADIA
A77: GUDIÑO GABRIELA | B77: 730949.74 | C77: 1601253.3 | D77: 113062.7 | E77: 2466321.2 | F77: 3570526.4 | H77: 36473.301 | I77: 3783801.5 | J77: 352625.34 | K77: 5942493.7 | M77: =SUM(B77:L77) -> 18597507 | N77: =M77/SUM($M$68:$M$85) -> 0.058077099 | O77: =N77/$N$68 -> 1 | P77: GUDIÑO GABRIELA
A78: HARRIAGUE LUCIA | B78: 730949.74 | C78: 1523528.2 | D78: 113062.7 | E78: 2460438 | F78: 3539209.6 | H78: 36473.301 | I78: 3775614.7 | J78: 352625.34 | K78: 5942493.7 | M78: =SUM(B78:L78) -> 18474395 | N78: =M78/SUM($M$68:$M$85) -> 0.05769264 | O78: =N78/$N$68 -> 0.99338019 | P78: HARRIAGUE LUCIA
A79: MACIAS | B79: 730949.74 | C79: 1601253.3 | D79: 113062.7 | E79: 2466321.2 | F79: 3570526.4 | H79: 36473.301 | I79: 3783801.5 | J79: 352625.34 | K79: 5942493.7 | M79: =SUM(B79:L79) -> 18597507 | N79: =M79/SUM($M$68:$M$85) -> 0.058077099 | O79: =N79/$N$68 -> 1 | P79: MACIAS
... A85: TOTIS | B85: 730949.74 | C85: 1548282 | D85: 113062.7 | E85: 2466321.2 | F85: 3555140.8 | H85: 36473.301 | I85: 3779126.6 | J85: 352625.34 | K85: 5942493.7 | M85: =SUM(B85:L85) -> 18524475 | N85: =M85/SUM($M$68:$M$85) -> 0.057849032 | O85: =N85/$N$68 -> 0.99607304 | P85: TOTIS
A86: TOTALES | B86: =SUM(B68:B85) -> 12593220 | C86: =SUM(C68:C85) -> 27459940 | D86: =SUM(D68:D85) -> 1947908.8 | E86: =SUM(E68:E85) -> 42488344 | F86: =SUM(F68:F85) -> 61469719 | G86: =SUM(G68:G85) -> 0 | H86: =SUM(H68:H85) -> 628382.87 | I86: =SUM(I68:I85) -> 65177585 | ... N86: =SUM(N68:N85) -> 1
B89: ADV 0105 | C89: ADV 0705 | D89: ADV 0905 | E89: ADV 1605 | F89: ADV 2305 | G89: ADV 3105 | H89: NQN 0505 | I89: NQN 1505 | J89: NQN 2405 | K89: NQN 3105 | M89: Totales
A90: ALVAREZ LUCAS | B90: 1609843.6 | C90: 108801.12 | D90: 665864.55 | E90: 2880159.8 | F90: 3799263.9 | G90: 1259380.2 | H90: 42558.621 | I90: 3550837.7 | J90: 211071.6 | K90: 8201284.2 | M90: =SUM(B90:L90) -> 22329065 | N90: =M90/SUM($M$90:$M$107) -> 0.058045885 | O90: =N90/$N$90 -> 1 | P90: ALVAREZ LUCAS
A91: BURGUEÑO LUCAS | B91: 1609843.6 | C91: 108801.12 | D91: 665864.55 | E91: 2880159.8 | F91: 3799263.9 | G91: 1259380.2 | H91: 42558.621 | I91: 3550837.7 | J91: 211071.6 | K91: 8201284.2 | M91: =SUM(B91:L91) -> 22329065 | N91: =M91/SUM($M$90:$M$107) -> 0.058045885 | O91: =N91/$N$90 -> 1 | P91: BURGUEÑO LUCAS
A92: CONSIGLI ROBERTO CARLOS | B92: 1609843.6 | C92: 108801.12 | D92: 665864.55 | E92: 2880159.8 | F92: 3799263.9 | G92: 1259380.2 | H92: 42558.621 | I92: 3550837.7 | J92: 211071.6 | K92: 8201284.2 | M92: =SUM(B92:L92) -> 22329065 | N92: =M92/SUM($M$90:$M$107) -> 0.058045885 | O92: =N92/$N$90 -> 1 | P92: CONSIGLI ROBERTO CARLOS
A93: DEGREEF | B93: 1609843.6 | C93: 108801.12 | D93: 665864.55 | E93: 2880159.8 | F93: 3788185.4 | G93: 1259380.2 | H93: 42558.621 | I93: 3550837.7 | J93: 211071.6 | K93: 8201284.2 | M93: =SUM(B93:L93) -> 22317987 | N93: =M93/SUM($M$90:$M$107) -> 0.058017086 | O93: =N93/$N$90 -> 0.99950386 | P93: DEGREEF
A94: ESPINOSA | B94: 1150064.5 | C94: 77715.083 | D94: 475617.54 | E94: 2057257 | F94: 2716902.4 | G94: 899557.29 | H94: 30399.015 | I94: 2536312.6 | J94: 150765.43 | K94: 5858060.1 | M94: =SUM(B94:L94) -> 15952651 | N94: =M94/SUM($M$90:$M$107) -> 0.041469974 | O94: =N94/$N$90 -> 0.71443434 | P94: ESPINOSA
A95: GARCIA | B95: 1609843.6 | C95: 108801.12 | D95: 665864.55 | E95: 2880159.8 | F95: 3799263.9 | G95: 1259380.2 | H95: 42558.621 | I95: 3550837.7 | J95: 211071.6 | K95: 8201284.2 | M95: =SUM(B95:L95) -> 22329065 | N95: =M95/SUM($M$90:$M$107) -> 0.058045885 | O95: =N95/$N$90 -> 1 | P95: GARCIA
A96: GIOJA MARIO ERNESTO | B96: 1150064.5 | C96: 77715.083 | D96: 475617.54 | E96: 2057257 | F96: 2716913.3 | G96: 899557.29 | H96: 30399.015 | I96: 2536312.6 | J96: 150765.43 | K96: 5858060.1 | M96: =SUM(B96:L96) -> 15952662 | N96: =M96/SUM($M$90:$M$107) -> 0.041470002 | O96: =N96/$N$90 -> 0.71443483 | P96: GIOJA MARIO ERNESTO
A97: GOGORZA NICOLAS | B97: 1609843.6 | C97: 108801.12 | D97: 665864.55 | E97: 2880159.8 | F97: 3799263.9 | G97: 1259380.2 | H97: 42558.621 | I97: 3550837.7 | J97: 211071.6 | K97: 8201284.2 | M97: =SUM(B97:L97) -> 22329065 | N97: =M97/SUM($M$90:$M$107) -> 0.058045885 | O97: =N97/$N$90 -> 1 | P97: GOGORZA NICOLAS
A98: GRANDE NADIA | B98: 1609843.6 | C98: 108801.12 | D98: 665864.55 | E98: 2880159.8 | F98: 3799263.9 | G98: 1259380.2 | H98: 42558.621 | I98: 3550837.7 | J98: 211071.6 | K98: 8201284.2 | M98: =SUM(B98:L98) -> 22329065 | N98: =M98/SUM($M$90:$M$107) -> 0.058045885 | O98: =N98/$N$90 -> 1 | P98: GRANDE NADIA
A99: GUDIÑO GABRIELA | B99: 1609843.6 | C99: 108801.12 | D99: 665864.55 | E99: 2880159.8 | F99: 3799263.9 | G99: 1259380.2 | H99: 42558.621 | I99: 3550837.7 | J99: 211071.6 | K99: 8201284.2 | M99: =SUM(B99:L99) -> 22329065 | N99: =M99/SUM($M$90:$M$107) -> 0.058045885 | O99: =N99/$N$90 -> 1 | P99: GUDIÑO GABRIELA
A100: HARRIAGUE LUCIA | B100: 1606267.1 | C100: 108801.12 | D100: 658388.92 | E100: 2880159.8 | F100: 3797878.4 | G100: 1259380.2 | H100: 42558.621 | I100: 3549188.3 | J100: 211071.6 | K100: 8201284.2 | M100: =SUM(B100:L100) -> 22314978 | N100: =M100/SUM($M$90:$M$107) -> 0.058009265 | O100: =N100/$N$90 -> 0.99936912 | P100: HARRIAGUE LUCIA
A101: MACIAS | B101: 1609843.6 | C101: 108801.12 | D101: 665864.55 | E101: 2880159.8 | F101: 3799263.9 | G101: 1259380.2 | H101: 42558.621 | I101: 3550837.7 | J101: 211071.6 | K101: 8201284.2 | M101: =SUM(B101:L101) -> 22329065 | N101: =M101/SUM($M$90:$M$107) -> 0.058045885 | O101: =N101/$N$90 -> 1 | P101: MACIAS
... A107: TOTIS | B107: 1607512.3 | C107: 108801.12 | D107: 665864.55 | E107: 2880159.8 | F107: 3799556 | G107: 1259380.2 | H107: 42558.621 | I107: 3550837.7 | J107: 211071.6 | K107: 8201284.2 | M107: =SUM(B107:L107) -> 22327026 | N107: =M107/SUM($M$90:$M$107) -> 0.058040584 | O107: =N107/$N$90 -> 0.99990868 | P107: TOTIS
A108: TOTALES | B108: =SUM(B90:B107) -> 27729750 | C108: =SUM(C90:C107) -> 1874487.8 | D108: =SUM(D90:D107) -> 11464419 | E108: =SUM(E90:E107) -> 49621038 | F108: =SUM(F90:F107) -> 65452229 | G108: =SUM(G90:G107) -> 21697322 | H108: =SUM(H90:H107) -> 733224.25 | I108: =SUM(I90:I107) -> 61174211 | ... N108: =SUM(N90:N107) -> 1
B111: ADV 0706 | C111: ADV 1406 | D111: ADV 2106 | E111: ADV 2806 | F111: ADV 3006 | H111: NQN 0506 | I111: NQN 1406 | J111: NQN 2106 | K111: NQN 2806 | L111: NQN 3006 | M111: Totales
A112: ALVAREZ LUCAS | B112: 395311.12 | C112: 4546341.1 | E112: 6844972.8 | H112: 43534.727 | I112: 4676952.4 | K112: 317849.67 | L112: 10768241 | M112: =SUM(B112:L112) -> 27593203 | N112: =M112/SUM($M$112:$M$129) -> 0.058043708 | O112: =N112/$N$90 -> 0.99996249 | P112: ALVAREZ LUCAS
A113: BURGUEÑO LUCAS | B113: 395311.12 | C113: 4546341.1 | E113: 6844972.8 | H113: 43534.727 | I113: 4676952.4 | K113: 317849.67 | L113: 10768241 | M113: =SUM(B113:L113) -> 27593203 | N113: =M113/SUM($M$112:$M$129) -> 0.058043708 | O113: =N113/$N$90 -> 0.99996249 | P113: BURGUEÑO LUCAS
A114: CONSIGLI ROBERTO CARLOS | B114: 395311.12 | C114: 4546341.1 | E114: 6844972.8 | H114: 43534.727 | I114: 4676952.4 | K114: 317849.67 | L114: 10768241 | M114: =SUM(B114:L114) -> 27593203 | N114: =M114/SUM($M$112:$M$129) -> 0.058043708 | O114: =N114/$N$90 -> 0.99996249 | P114: CONSIGLI ROBERTO CARLOS
A115: DEGREEF | B115: 395311.12 | C115: 4546341.1 | E115: 6831865.3 | H115: 43534.727 | I115: 4676952.4 | K115: 317849.67 | L115: 10768241 | M115: =SUM(B115:L115) -> 27580096 | N115: =M115/SUM($M$112:$M$129) -> 0.058016135 | O115: =N115/$N$90 -> 0.99948748 | P115: DEGREEF
A116: ESPINOSA | B116: 282365.09 | C116: 3247386.5 | E116: 4892854.8 | H116: 31096.234 | I116: 3340680.3 | K116: 227035.48 | L116: 7691600.9 | M116: =SUM(B116:L116) -> 19713019 | N116: =M116/SUM($M$112:$M$129) -> 0.04146734 | O116: =N116/$N$90 -> 0.71438897 | P116: ESPINOSA
A117: GARCIA | B117: 395311.12 | C117: 4546341.1 | E117: 6844972.8 | H117: 43534.727 | I117: 4676952.4 | K117: 317849.67 | L117: 10768241 | M117: =SUM(B117:L117) -> 27593203 | N117: =M117/SUM($M$112:$M$129) -> 0.058043708 | O117: =N117/$N$90 -> 0.99996249 | P117: GARCIA
A118: GIOJA MARIO ERNESTO | B118: 282365.09 | C118: 3247386.5 | E118: 4892854.8 | H118: 31096.234 | I118: 3340680.3 | K118: 227035.48 | L118: 7691600.9 | M118: =SUM(B118:L118) -> 19713019 | N118: =M118/SUM($M$112:$M$129) -> 0.04146734 | O118: =N118/$N$90 -> 0.71438897 | P118: GIOJA MARIO ERNESTO
A119: GOGORZA NICOLAS | B119: 395311.12 | C119: 4546341.1 | E119: 6844972.8 | H119: 43534.727 | I119: 4676952.4 | K119: 317849.67 | L119: 10768241 | M119: =SUM(B119:L119) -> 27593203 | N119: =M119/SUM($M$112:$M$129) -> 0.058043708 | O119: =N119/$N$90 -> 0.99996249 | P119: GOGORZA NICOLAS
A120: GRANDE NADIA | B120: 395311.12 | C120: 4546341.1 | E120: 6844972.8 | H120: 43534.727 | I120: 4676952.4 | K120: 317849.67 | L120: 10768241 | M120: =SUM(B120:L120) -> 27593203 | N120: =M120/SUM($M$112:$M$129) -> 0.058043708 | O120: =N120/$N$90 -> 0.99996249 | P120: GRANDE NADIA
A121: GUDIÑO GABRIELA | B121: 395311.12 | C121: 4546341.1 | E121: 6844972.8 | H121: 43534.727 | I121: 4676952.4 | K121: 317849.67 | L121: 10768241 | M121: =SUM(B121:L121) -> 27593203 | N121: =M121/SUM($M$112:$M$129) -> 0.058043708 | O121: =N121/$N$90 -> 0.99996249 | P121: GUDIÑO GABRIELA
A122: HARRIAGUE LUCIA | B122: 395311.12 | C122: 4544817.7 | E122: 6844972.8 | H122: 43534.727 | I122: 4676952.4 | K122: 317849.67 | L122: 10768241 | M122: =SUM(B122:L122) -> 27591680 | N122: =M122/SUM($M$112:$M$129) -> 0.058040503 | O122: =N122/$N$90 -> 0.99990729 | P122: HARRIAGUE LUCIA
A123: MACIAS | B123: 395311.12 | C123: 4546341.1 | E123: 6844972.8 | H123: 43534.727 | I123: 4676952.4 | K123: 317849.67 | L123: 10768241 | M123: =SUM(B123:L123) -> 27593203 | N123: =M123/SUM($M$112:$M$129) -> 0.058043708 | O123: =N123/$N$90 -> 0.99996249 | P123: MACIAS
... A129: TOTIS | B129: 395311.12 | C129: 4546341.1 | E129: 6844972.8 | H129: 43534.727 | I129: 4676952.4 | K129: 317849.67 | L129: 10768241 | M129: =SUM(B129:L129) -> 27593203 | N129: =M129/SUM($M$112:$M$129) -> 0.058043708 | O129: =N129/$N$90 -> 0.99996249 | P129: TOTIS
A130: TOTALES | B130: =SUM(B112:B129) -> 6810646 | C130: =SUM(C112:C129) -> 78325438 | D130: =SUM(D112:D129) -> 0 | E130: =SUM(E112:E129) -> 1.1792579e+08 | F130: =SUM(F112:F129) -> 0 | G130: =SUM(G112:G129) -> 0 | H130: =SUM(H112:H129) -> 750041.16 | I130: =SUM(I112:I129) -> 80577208 | ... N130: =SUM(N112:N129) -> 1
B133: ADV 0507 | C133: ADV 1207 | D133: ADV 1907 | E133: ADV 2607 | H133: NQN 0507 | I133: NQN 1507 | J133: NQN 2607 | K133: NQN 3107 | M133: Totales
A134: ALVAREZ LUCAS | B134: 363376.54 | C134: 6373434.7 | D134: 3495006.1 | E134: 1441569 | H134: 63325.83 | I134: 6638670 | J134: 272751.24 | K134: 10463097 | M134: =SUM(B134:L134) -> 29111230 | N134: =M134/SUM($M$134:$M$153) -> 0.058094954 | O134: =N134/$N$134 -> 1 | P134: ALVAREZ LUCAS
A135: BURGUEÑO LUCAS | B135: 363376.54 | C135: 6373434.7 | D135: 3495006.1 | E135: 1441569 | H135: 63325.83 | I135: 6638670 | J135: 272751.24 | K135: 10463097 | M135: =SUM(B135:L135) -> 29111230 | N135: =M135/SUM($M$134:$M$153) -> 0.058094954 | O135: =N135/$N$134 -> 1 | P135: BURGUEÑO LUCAS
A136: CASTRO | B136: 0 | C136: 0 | D136: 0 | E136: 0 | H136: 0 | I136: 0 | J136: 0 | K136: 0 | N136: =M136/SUM($M$134:$M$153) -> 0 | O136: =N136/$N$134 -> 0
...

Sheet 2023
B1: ADV 0901 | C1: ADV 2001 | D1: ADV 2701 | E1: ADV | F1: ADV2 | G1: NQN 1301 | H1: NQN 2301 | I1: NQN 2701 | J1: NQN 3101 | K1: NQN | L1: Totales
A2: ALVAREZ LUCAS | B2: 304803.42 | C2: 875553.76 | D2: 239516.61 | G2: 371938.61 | H2: 29623.501 | I2: 7272.0841 | J2: 1502375.1 | L2: =SUM(B2:J2) -> 3331083.1 | M2: =L2/SUM(L$2:L$18) -> 0.062574907
A3: BURGUEÑO LUCAS | B3: 304721.68 | C3: 875553.76 | D3: 239511.52 | G3: 381726.42 | H3: 29623.501 | I3: 7272.0841 | J3: 1502375.1 | L3: =SUM(B3:J3) -> 3340784.1 | M3: =L3/SUM(L$2:L$18) -> 0.062757141
A4: CONSIGLI ROBERTO CARLOS | B4: 304542.48 | C4: 875553.76 | D4: 239500.38 | G4: 392232.3 | H4: 29623.501 | I4: 7272.0841 | J4: 1502375.1 | L4: =SUM(B4:J4) -> 3351099.6 | M4: =L4/SUM(L$2:L$18) -> 0.06295092
A5: ESPINOSA | B5: 106223.09 | C5: 124286.53 | D5: 121987.56 | G5: 311692.93 | H5: 0 | I5: 7272.0841 | J5: 837255.99 | L5: =SUM(B5:J5) -> 1508718.2 | M5: =L5/SUM(L$2:L$18) -> 0.028341502
A6: GARCIA | B6: 304542.48 | C6: 875553.76 | D6: 239500.38 | G6: 392232.3 | H6: 29623.501 | I6: 7272.0841 | J6: 1502375.1 | L6: =SUM(B6:J6) -> 3351099.6 | M6: =L6/SUM(L$2:L$18) -> 0.06295092
A7: GIOJA MARIO ERNESTO | B7: 304542.48 | C7: 875553.76 | D7: 239500.38 | G7: 392232.3 | H7: 29623.501 | I7: 7272.0841 | J7: 1502375.1 | L7: =SUM(B7:J7) -> 3351099.6 | M7: =L7/SUM(L$2:L$18) -> 0.06295092 | O7: =L2/354 -> 9409.8393
A8: GOGORZA NICOLAS | B8: 304542.48 | C8: 875553.76 | D8: 239500.38 | G8: 392232.3 | H8: 29623.501 | I8: 7272.0841 | J8: 1502375.1 | L8: =SUM(B8:J8) -> 3351099.6 | M8: =L8/SUM(L$2:L$18) -> 0.06295092
A9: GRANDE NADIA | B9: 304542.48 | C9: 875553.76 | D9: 239500.38 | G9: 392232.3 | H9: 29623.501 | I9: 7272.0841 | J9: 1502375.1 | L9: =SUM(B9:J9) -> 3351099.6 | M9: =L9/SUM(L$2:L$18) -> 0.06295092
A10: GUDIÑO GABRIELA | B10: 304542.48 | C10: 875553.76 | D10: 239500.38 | G10: 392232.3 | H10: 29623.501 | I10: 7272.0841 | J10: 1502375.1 | L10: =SUM(B10:J10) -> 3351099.6 | M10: =L10/SUM(L$2:L$18) -> 0.06295092
A11: HARRIAGUE LUCIA | B11: 304542.48 | C11: 875553.76 | D11: 239500.38 | G11: 392232.3 | H11: 29623.501 | I11: 7272.0841 | J11: 1502375.1 | L11: =SUM(B11:J11) -> 3351099.6 | M11: =L11/SUM(L$2:L$18) -> 0.06295092
A12: MACIAS | B12: 304542.48 | C12: 875553.76 | D12: 239500.38 | G12: 392232.3 | H12: 29623.501 | I12: 7272.0841 | J12: 1502375.1 | L12: =SUM(B12:J12) -> 3351099.6 | M12: =L12/SUM(L$2:L$18) -> 0.06295092
A13: MELO MAURO | B13: 304542.48 | C13: 875553.76 | D13: 239500.38 | G13: 392232.3 | H13: 29623.501 | I13: 7272.0841 | J13: 1502375.1 | L13: =SUM(B13:J13) -> 3351099.6 | M13: =L13/SUM(L$2:L$18) -> 0.06295092
A14: QUIROGA MARTIN | B14: 304542.48 | C14: 875553.76 | D14: 239500.38 | G14: 392232.3 | H14: 29623.501 | I14: 7272.0841 | J14: 1502375.1 | L14: =SUM(B14:J14) -> 3351099.6 | M14: =L14/SUM(L$2:L$18) -> 0.06295092
A15: SAN MARTIN | B15: 304542.48 | C15: 875553.76 | D15: 239500.38 | G15: 392232.3 | H15: 29623.501 | I15: 7272.0841 | J15: 1502375.1 | L15: =SUM(B15:J15) -> 3351099.6 | M15: =L15/SUM(L$2:L$18) -> 0.06295092
A16: SCHVARTZMAN MATIAS | B16: 304753.24 | C16: 875553.76 | D16: 239513.48 | G16: 371938.61 | H16: 29623.501 | I16: 7272.0841 | J16: 1502375.1 | L16: =SUM(B16:J16) -> 3331029.8 | M16: =L16/SUM(L$2:L$18) -> 0.062573905
A17: SERRANO GAMARRA JUAN | B17: 304542.48 | C17: 875553.76 | D17: 239500.38 | G17: 392232.3 | H17: 29623.501 | I17: 7272.0841 | J17: 1502375.1 | L17: =SUM(B17:J17) -> 3351099.6 | M17: =L17/SUM(L$2:L$18) -> 0.06295092
A18: TOTIS | B18: 106223.09 | C18: 124286.53 | D18: 121987.56 | G18: 311692.93 | H18: 0 | I18: 7272.0841 | J18: 837255.99 | L18: =SUM(B18:J18) -> 1508718.2 | M18: =L18/SUM(L$2:L$18) -> 0.028341502
A19: TOTALES | B19: =SUM(B2:B18) -> 4781234.3 | C19: =SUM(C2:C18) -> 13381879 | D19: =SUM(D2:D18) -> 3836521.3 | E19: =SUM(E2:E18) -> 0 | G19: =SUM(G2:G18) -> 6455777.1 | H19: =SUM(H2:H18) -> 444352.52 | I19: =SUM(I2:I18) -> 123625.43 | J19: =SUM(J2:J18) -> 24210139 | L19: =SUM(L2:L18) -> 53233529 | M19: =SUM(M2:M18) -> 1
A22: Socio | B22: ADV 0202 | C22: ADV 0902 | D22: ADV 1702 | E22: ADV 2402 | F22: ADV | G22: NQN 1502 | H22: NQN 2402 | I22: NQN 2802 | J22: NQN 4 | K22: NQN 5 | L22: Totales
A23: ALVAREZ LUCAS | B23: 354427.22 | C23: 320582.1 | D23: 825847.09 | E23: 112788.54 | G23: 483150.42 | H23: 18138.262 | I23: 952332.8 | L23: =SUM(B23:J23) -> 3067266.4 | M23: =L23/SUM(L$23:L$39) -> 0.057591411
A24: BURGUEÑO LUCAS | B24: 468479.51 | C24: 320562.06 | D24: 825797.27 | E24: 112738.72 | G24: 491119.39 | H24: 18138.262 | I24: 952332.8 | L24: =SUM(B24:J24) -> 3189168 | M24: =L24/SUM(L$23:L$39) -> 0.059880251
A25: CONSIGLI ROBERTO CARLOS | B25: 468445.89 | C25: 320540.76 | D25: 825744.29 | E25: 112685.74 | G25: 507544.33 | H25: 18138.262 | I25: 952332.8 | L25: =SUM(B25:J25) -> 3205432.1 | M25: =L25/SUM(L$23:L$39) -> 0.060185628
A26: ESPINOSA | B26: 215000.56 | C26: 87494.229 | D26: 830734.26 | E26: 113413.83 | G26: 479660.72 | H26: 18138.262 | I26: 944926.42 | L26: =SUM(B26:J26) -> 2689368.3 | M26: =L26/SUM(L$23:L$39) -> 0.050495944
A27: GARCIA | B27: 468445.89 | C27: 320540.76 | D27: 825744.29 | E27: 112685.74 | G27: 507544.33 | H27: 18138.262 | I27: 952332.8 | L27: =SUM(B27:J27) -> 3205432.1 | M27: =L27/SUM(L$23:L$39) -> 0.060185628
A28: GIOJA MARIO ERNESTO | B28: 468445.89 | C28: 320540.76 | D28: 825744.29 | E28: 112685.74 | G28: 507544.33 | H28: 18138.262 | I28: 952332.8 | L28: =SUM(B28:J28) -> 3205432.1 | M28: =L28/SUM(L$23:L$39) -> 0.060185628
A29: GOGORZA NICOLAS | B29: 468445.89 | C29: 320540.76 | D29: 825744.29 | E29: 112685.74 | G29: 507544.33 | H29: 18138.262 | I29: 952332.8 | L29: =SUM(B29:J29) -> 3205432.1 | M29: =L29/SUM(L$23:L$39) -> 0.060185628
A30: GRANDE NADIA | B30: 468445.89 | C30: 320540.76 | D30: 825744.29 | E30: 112685.74 | G30: 507544.33 | H30: 18138.262 | I30: 952332.8 | L30: =SUM(B30:J30) -> 3205432.1 | M30: =L30/SUM(L$23:L$39) -> 0.060185628
A31: GUDIÑO GABRIELA | B31: 468445.89 | C31: 320540.76 | D31: 825744.29 | E31: 112685.74 | G31: 507544.33 | H31: 18138.262 | I31: 952332.8 | L31: =SUM(B31:J31) -> 3205432.1 | M31: =L31/SUM(L$23:L$39) -> 0.060185628
A32: HARRIAGUE LUCIA | B32: 468445.89 | C32: 320540.76 | D32: 825744.29 | E32: 112685.74 | G32: 507544.33 | H32: 18138.262 | I32: 952332.8 | L32: =SUM(B32:J32) -> 3205432.1 | M32: =L32/SUM(L$23:L$39) -> 0.060185628
A33: MACIAS | B33: 468445.89 | C33: 320540.76 | D33: 825744.29 | E33: 112685.74 | G33: 507544.33 | H33: 18138.262 | I33: 952332.8 | L33: =SUM(B33:J33) -> 3205432.1 | M33: =L33/SUM(L$23:L$39) -> 0.060185628
A34: MELO MAURO | B34: 468445.89 | C34: 320540.76 | D34: 825744.29 | E34: 112685.74 | G34: 507544.33 | H34: 18138.262 | I34: 952332.8 | L34: =SUM(B34:J34) -> 3205432.1 | M34: =L34/SUM(L$23:L$39) -> 0.060185628
... A39: TOTIS | B39: 215000.56 | C39: 87494.229 | D39: 830734.26 | E39: 113413.83 | G39: 479660.72 | H39: 18138.262 | I39: 944926.42 | L39: =SUM(B39:J39) -> 2689368.3 | M39: =L39/SUM(L$23:L$39) -> 0.050495944
A40: TOTALES | B40: =SUM(B23:B39) -> 7320158.1 | C40: =SUM(C23:C39) -> 4983203.9 | D40: =SUM(D23:D39) -> 14047892 | E40: =SUM(E23:E39) -> 1917372.6 | G40: =SUM(G23:G39) -> 8507273.7 | H40: =SUM(H23:H39) -> 308350.45 | I40: =SUM(I23:I39) -> 16174845 | J40: =SUM(J23:J39) -> 0 | L40: =SUM(L23:L39) -> 53259095 | M40: =SUM(M23:M39) -> 1
A43: Socio | B43: ADV 0303 | C43: ADV 1003 | D43: RN 1003 | E43: ADV 1703 | F43: ADV 2403 | G43: ADV 3103 | H43: NQN 1503 | I43: NQN 3101 | J43: NQN 2802 | K43: NQN 4 | L43: NQN 5 | M43: Totales
A44: ALVAREZ LUCAS | B44: 401264.26 | C44: 163866.95 | D44: 0 | E44: 841924.57 | F44: 161803 | G44: 229877.03 | H44: 1243174.4 | I44: 998033.17 | M44: =SUM(B44:K44) -> 4039943.3 | N44: =M44/SUM(M$44:M$60) -> 0.059872206
A45: BURGUEÑO LUCAS | B45: 401213.83 | C45: 166762.77 | D45: 13514.669 | E45: 841260.3 | F45: 161803 | G45: 228136.51 | H45: 1243174.4 | I45: 1002460.7 | M45: =SUM(B45:K45) -> 4058326.1 | N45: =M45/SUM(M$44:M$60) -> 0.060144641
A46: CONSIGLI ROBERTO CARLOS | B46: 401160.22 | C46: 166585.96 | D46: 13514.669 | E46: 841171.67 | F46: 161803 | G46: 228136.51 | H46: 1243174.4 | I46: 1002460.7 | M46: =SUM(B46:K46) -> 4058007.1 | N46: =M46/SUM(M$44:M$60) -> 0.060139912
A47: ESPINOSA | B47: 388762.89 | C47: 167538.14 | D47: 0 | E47: 754825.74 | F47: 148328.91 | G47: 131909.06 | H47: 730456.05 | I47: 996375.61 | M47: =SUM(B47:K47) -> 3318196.4 | N47: =M47/SUM(M$44:M$60) -> 0.049175873
A48: GARCIA | B48: 401160.22 | C48: 166585.96 | D48: 13514.669 | E48: 841171.67 | F48: 161803 | G48: 228136.51 | H48: 1243174.4 | I48: 1002460.7 | M48: =SUM(B48:K48) -> 4058007.1 | N48: =M48/SUM(M$44:M$60) -> 0.060139912
A49: GIOJA MARIO ERNESTO | B49: 401160.22 | C49: 166585.96 | D49: 13514.669 | E49: 841171.67 | F49: 161803 | G49: 228136.51 | H49: 1243174.4 | I49: 1002460.7 | M49: =SUM(B49:K49) -> 4058007.1 | N49: =M49/SUM(M$44:M$60) -> 0.060139912
A50: GOGORZA NICOLAS | B50: 401160.22 | C50: 166585.96 | D50: 13514.669 | E50: 841171.67 | F50: 161803 | G50: 228136.51 | H50: 1243174.4 | I50: 1002460.7 | M50: =SUM(B50:K50) -> 4058007.1 | N50: =M50/SUM(M$44:M$60) -> 0.060139912
A51: GRANDE NADIA | B51: 401160.22 | C51: 166585.96 | D51: 13514.669 | E51: 841171.67 | F51: 161803 | G51: 228136.51 | H51: 1243174.4 | I51: 1002460.7 | M51: =SUM(B51:K51) -> 4058007.1 | N51: =M51/SUM(M$44:M$60) -> 0.060139912
A52: GUDIÑO GABRIELA | B52: 401160.22 | C52: 166585.96 | D52: 13514.669 | E52: 841171.67 | F52: 161803 | G52: 228136.51 | H52: 1243174.4 | I52: 1002460.7 | M52: =SUM(B52:K52) -> 4058007.1 | N52: =M52/SUM(M$44:M$60) -> 0.060139912
A53: HARRIAGUE LUCIA | B53: 401160.22 | C53: 166585.96 | D53: 13514.669 | E53: 841171.67 | F53: 161803 | G53: 228136.51 | H53: 1243174.4 | I53: 1002460.7 | M53: =SUM(B53:K53) -> 4058007.1 | N53: =M53/SUM(M$44:M$60) -> 0.060139912
A54: MACIAS | B54: 401160.22 | C54: 166585.96 | D54: 13514.669 | E54: 841171.67 | F54: 161803 | G54: 228136.51 | H54: 1243174.4 | I54: 1002460.7 | M54: =SUM(B54:K54) -> 4058007.1 | N54: =M54/SUM(M$44:M$60) -> 0.060139912
A55: MELO MAURO | B55: 401160.22 | C55: 166585.96 | D55: 13514.669 | E55: 841171.67 | F55: 161803 | G55: 228136.51 | H55: 1243174.4 | I55: 1002460.7 | M55: =SUM(B55:K55) -> 4058007.1 | N55: =M55/SUM(M$44:M$60) -> 0.060139912
... A60: TOTIS | B60: 388762.89 | C60: 167538.14 | D60: 0 | E60: 754825.74 | F60: 148328.91 | G60: 131909.06 | H60: 730456.05 | I60: 996375.61 | M60: =SUM(B60:K60) -> 3318196.4 | N60: =M60/SUM(M$44:M$60) -> 0.049175873
A61: TOTALES | B61: =SUM(B44:B60) -> 6795191 | C61: =SUM(C44:C60) -> 2831831.1 | D61: =SUM(D44:D60) -> 175690.7 | E61: =SUM(E44:E60) -> 14128323 | F61: =SUM(F44:F60) -> 2723702.8 | G61: =SUM(G44:G60) -> 3687606.2 | H61: =SUM(H44:H60) -> 20108527 | I61: =SUM(I44:I60) -> 17025234 | ... N61: =SUM(N44:N60) -> 1
A64: Socio | B64: ADV 0704 | C64: ADV 1204 | D64: RN 1204 | E64: ADV 2004 | F64: ADV 2804 | G64: Columna1 | H64: NQN 1404 | I64: NQN 2604 | J64: NQN 2804 | K64: NQN 4 | L64: NQN 5 | M64: Totales
A65: ALVAREZ LUCAS | C65: 797798.27 | E65: 420628.62 | F65: 300949.38 | H65: 1467469.1 | I65: 47024.534 | J65: 594224.47 | M65: =SUM(B65:K65) -> 3628094.3 | N65: =M65/SUM(M$65:M$81) -> 0.058898327
A66: BURGUEÑO LUCAS | C66: 797798.27 | E66: 420628.62 | F66: 300949.38 | H66: 1467469.1 | I66: 47024.534 | J66: 594224.47 | M66: =SUM(B66:K66) -> 3628094.3 | N66: =M66/SUM(M$65:M$81) -> 0.058898327
A67: CONSIGLI ROBERTO CARLOS | C67: 797798.27 | E67: 420628.62 | F67: 300949.38 | H67: 1467469.1 | I67: 47024.534 | J67: 594224.47 | M67: =SUM(B67:K67) -> 3628094.3 | N67: =M67/SUM(M$65:M$81) -> 0.058898327
A68: ESPINOSA | C68: 784886.55 | E68: 417214.56 | F68: 300193.17 | H68: 1445387.6 | I68: 47024.534 | J68: 594224.47 | M68: =SUM(B68:K68) -> 3588930.9 | N68: =M68/SUM(M$65:M$81) -> 0.05826255
A69: GARCIA | C69: 797798.27 | E69: 420628.62 | F69: 300949.38 | H69: 1467469.1 | I69: 47024.534 | J69: 594224.47 | M69: =SUM(B69:K69) -> 3628094.3 | N69: =M69/SUM(M$65:M$81) -> 0.058898327
A70: GIOJA MARIO ERNESTO | C70: 797798.27 | E70: 420628.62 | F70: 300949.38 | H70: 1467469.1 | I70: 47024.534 | J70: 594224.47 | M70: =SUM(B70:K70) -> 3628094.3 | N70: =M70/SUM(M$65:M$81) -> 0.058898327
A71: GOGORZA NICOLAS | C71: 797798.27 | E71: 420628.62 | F71: 300949.38 | H71: 1467469.1 | I71: 47024.534 | J71: 594224.47 | M71: =SUM(B71:K71) -> 3628094.3 | N71: =M71/SUM(M$65:M$81) -> 0.058898327
A72: GRANDE NADIA | C72: 797798.27 | E72: 420628.62 | F72: 300949.38 | H72: 1467469.1 | I72: 47024.534 | J72: 594224.47 | M72: =SUM(B72:K72) -> 3628094.3 | N72: =M72/SUM(M$65:M$81) -> 0.058898327
A73: GUDIÑO GABRIELA | C73: 797798.27 | E73: 420628.62 | F73: 300949.38 | H73: 1467469.1 | I73: 47024.534 | J73: 594224.47 | M73: =SUM(B73:K73) -> 3628094.3 | N73: =M73/SUM(M$65:M$81) -> 0.058898327
A74: HARRIAGUE LUCIA | C74: 797798.27 | E74: 420628.62 | F74: 300949.38 | H74: 1467469.1 | I74: 47024.534 | J74: 594224.47 | M74: =SUM(B74:K74) -> 3628094.3 | N74: =M74/SUM(M$65:M$81) -> 0.058898327
A75: MACIAS | C75: 797798.27 | E75: 420628.62 | F75: 300949.38 | H75: 1467469.1 | I75: 47024.534 | J75: 594224.47 | M75: =SUM(B75:K75) -> 3628094.3 | N75: =M75/SUM(M$65:M$81) -> 0.058898327
A76: MELO MAURO | C76: 797798.27 | E76: 420628.62 | F76: 300949.38 | H76: 1467469.1 | I76: 47024.534 | J76: 594224.47 | M76: =SUM(B76:K76) -> 3628094.3 | N76: =M76/SUM(M$65:M$81) -> 0.058898327
... A81: TOTIS | C81: 784886.55 | E81: 417214.56 | F81: 300193.17 | H81: 1445387.6 | I81: 47024.534 | J81: 594224.47 | M81: =SUM(B81:K81) -> 3588930.9 | N81: =M81/SUM(M$65:M$81) -> 0.05826255
A82: TOTALES | B82: =SUM(B65:B81) -> 0 | C82: =SUM(C65:C81) -> 13536747 | D82: =SUM(D65:D81) -> 0 | E82: =SUM(E65:E81) -> 7143858.5 | F82: =SUM(F65:F81) -> 5114627 | G82: =SUM(G65:G81) -> 0 | H82: =SUM(H65:H81) -> 24902811 | I82: =SUM(I65:I81) -> 799417.08 | ... N82: =SUM(N65:N81) -> 1
A85: Socio | B85: ADV 0505 | C85: ADV 1205 | D85: ADV 1805 | E85: ADV 2305 | F85: ADV 3005 | G85: Columna1 | H85: NQN 1505 | I85: NQN 3005 | J85: NQN 3105 | K85: NQN 4 | L85: NQN 5 | M85: Totales
A86: ALVAREZ LUCAS | B86: 265464.7 | C86: 757515.61 | D86: 586209.21 | E86: 12467.518 | F86: 39869.484 | H86: 450335.18 | I86: 23351.63 | J86: 1097019.5 | M86: =SUM(B86:K86) -> 3232232.9 | N86: =M86/SUM(M$86:M$102) -> 0.059081082
A87: BURGUEÑO LUCAS | B87: 265464.7 | C87: 757515.61 | D87: 586209.21 | E87: 12467.518 | F87: 39869.484 | H87: 450335.18 | I87: 23351.63 | J87: 1097019.5 | M87: =SUM(B87:K87) -> 3232232.9 | N87: =M87/SUM(M$86:M$102) -> 0.059081082
A88: CONSIGLI ROBERTO CARLOS | B88: 265464.7 | C88: 757515.61 | D88: 586209.21 | E88: 12467.518 | F88: 39869.484 | H88: 450335.18 | I88: 23351.63 | J88: 1097019.5 | M88: =SUM(B88:K88) -> 3232232.9 | N88: =M88/SUM(M$86:M$102) -> 0.059081082
A89: ESPINOSA | B89: 242306.62 | C89: 739870.01 | D89: 586209.21 | E89: 0 | F89: 39869.484 | H89: 450335.18 | I89: 23351.63 | J89: 1097019.5 | M89: =SUM(B89:K89) -> 3178961.7 | N89: =M89/SUM(M$86:M$102) -> 0.058107352
A90: GARCIA | B90: 265464.7 | C90: 757515.61 | D90: 586209.21 | E90: 12467.518 | F90: 39869.484 | H90: 450335.18 | I90: 23351.63 | J90: 1097019.5 | M90: =SUM(B90:K90) -> 3232232.9 | N90: =M90/SUM(M$86:M$102) -> 0.059081082
A91: GIOJA MARIO ERNESTO | B91: 265464.7 | C91: 757515.61 | D91: 586209.21 | E91: 12467.518 | F91: 39869.484 | H91: 450335.18 | I91: 23351.63 | J91: 1097019.5 | M91: =SUM(B91:K91) -> 3232232.9 | N91: =M91/SUM(M$86:M$102) -> 0.059081082
A92: GOGORZA NICOLAS | B92: 265464.7 | C92: 757515.61 | D92: 586209.21 | E92: 12467.518 | F92: 39869.484 | H92: 450335.18 | I92: 23351.63 | J92: 1097019.5 | M92: =SUM(B92:K92) -> 3232232.9 | N92: =M92/SUM(M$86:M$102) -> 0.059081082
A93: GRANDE NADIA | B93: 265464.7 | C93: 757515.61 | D93: 586209.21 | E93: 12467.518 | F93: 39869.484 | H93: 450335.18 | I93: 23351.63 | J93: 1097019.5 | M93: =SUM(B93:K93) -> 3232232.9 | N93: =M93/SUM(M$86:M$102) -> 0.059081082
A94: GUDIÑO GABRIELA | B94: 265464.7 | C94: 757515.61 | D94: 586209.21 | E94: 12467.518 | F94: 39869.484 | H94: 450335.18 | I94: 23351.63 | J94: 1097019.5 | M94: =SUM(B94:K94) -> 3232232.9 | N94: =M94/SUM(M$86:M$102) -> 0.059081082
A95: HARRIAGUE LUCIA | B95: 265464.7 | C95: 757515.61 | D95: 586209.21 | E95: 12467.518 | F95: 39869.484 | H95: 450335.18 | I95: 11675.815 | J95: 975703.12 | M95: =SUM(B95:K95) -> 3099240.6 | N95: =M95/SUM(M$86:M$102) -> 0.056650154
A96: MACIAS | B96: 265464.7 | C96: 757515.61 | D96: 586209.21 | E96: 12467.518 | F96: 39869.484 | H96: 450335.18 | I96: 23351.63 | J96: 1097019.5 | M96: =SUM(B96:K96) -> 3232232.9 | N96: =M96/SUM(M$86:M$102) -> 0.059081082
A97: MELO MAURO | B97: 265464.7 | C97: 757515.61 | D97: 586209.21 | E97: 12467.518 | F97: 39869.484 | H97: 450335.18 | I97: 23351.63 | J97: 1097019.5 | M97: =SUM(B97:K97) -> 3232232.9 | N97: =M97/SUM(M$86:M$102) -> 0.059081082
... A102: TOTIS | B102: 242306.62 | C102: 739870.01 | D102: 586209.21 | E102: 0 | F102: 39869.484 | H102: 450335.18 | I102: 23351.63 | J102: 1097019.5 | M102: =SUM(B102:K102) -> 3178961.7 | N102: =M102/SUM(M$86:M$102) -> 0.058107352
A103: TOTALES | B103: =SUM(B86:B102) -> 4466583.8 | C103: =SUM(C86:C102) -> 12842474 | D103: =SUM(D86:D102) -> 9965556.5 | E103: =SUM(E86:E102) -> 187012.77 | F103: =SUM(F86:F102) -> 677781.22 | G103: =SUM(G86:G102) -> 0 | H103: =SUM(H86:H102) -> 7655698.1 | I103: =SUM(I86:I102) -> 385301.9 | ... N103: =SUM(N86:N102) -> 1
A106: Socio | B106: ADV 0206 | C106: ADV 0906 | D106: ADV 1606 | E106: ADV 2306 | F106: ADV 3006 | G106: Columna1 | H106: NQN 05/06 | I106: NQN 15/06 | J106: NQN 2806 | K106: NQN 3006 | L106: NQN 5 | M106: Totales
A107: ALVAREZ LUCAS | B107: 402794.71 | C107: 246490.15 | D107: 1406114.1 | E107: 79866.665 | F107: 352726.46 | H107: 59007.721 | I107: 1069466.1 | J107: 27595.839 | K107: 1466814.1 | M107: =SUM(B107:K107) -> 5110875.9 | N107: =M107/SUM(M$107:M$123) -> 0.059654135
A108: BURGUEÑO LUCAS | B108: 402794.71 | C108: 246490.15 | D108: 1406114.1 | E108: 79866.665 | F108: 352726.46 | H108: 59007.721 | I108: 1069466.1 | J108: 27595.839 | K108: 1466814.1 | M108: =SUM(B108:K108) -> 5110875.9 | N108: =M108/SUM(M$107:M$123) -> 0.059654135
A109: CONSIGLI ROBERTO CARLOS | B109: 402794.71 | C109: 246490.15 | D109: 1406114.1 | E109: 79866.665 | F109: 352726.46 | H109: 59007.721 | I109: 1069466.1 | J109: 27595.839 | K109: 1466814.1 | M109: =SUM(B109:K109) -> 5110875.9 | N109: =M109/SUM(M$107:M$123) -> 0.059654135
A110: ESPINOSA | B110: 228484.75 | C110: 246490.15 | D110: 1410872.5 | E110: 46287.391 | F110: 295709.89 | H110: 59007.721 | I110: 1069466.1 | J110: 27595.839 | K110: 1444119.3 | M110: =SUM(B110:K110) -> 4828033.5 | N110: =M110/SUM(M$107:M$123) -> 0.0563528
A111: GARCIA | B111: 402794.71 | C111: 246490.15 | D111: 1406114.1 | E111: 79866.665 | F111: 352726.46 | H111: 59007.721 | I111: 1069466.1 | J111: 27595.839 | K111: 1466814.1 | M111: =SUM(B111:K111) -> 5110875.9 | N111: =M111/SUM(M$107:M$123) -> 0.059654135
A112: GIOJA MARIO ERNESTO | B112: 402794.71 | C112: 246490.15 | D112: 1406114.1 | E112: 79866.665 | F112: 352726.46 | H112: 59007.721 | I112: 1069466.1 | J112: 27595.839 | K112: 1466814.1 | M112: =SUM(B112:K112) -> 5110875.9 | N112: =M112/SUM(M$107:M$123) -> 0.059654135
A113: GOGORZA NICOLAS | B113: 402794.71 | C113: 246490.15 | D113: 1406114.1 | E113: 79866.665 | F113: 352726.46 | H113: 59007.721 | I113: 1069466.1 | J113: 27595.839 | K113: 1466814.1 | M113: =SUM(B113:K113) -> 5110875.9 | N113: =M113/SUM(M$107:M$123) -> 0.059654135
A114: GRANDE NADIA | B114: 402794.71 | C114: 246490.15 | D114: 1406114.1 | E114: 79866.665 | F114: 352726.46 | H114: 59007.721 | I114: 1069466.1 | J114: 27595.839 | K114: 1466814.1 | M114: =SUM(B114:K114) -> 5110875.9 | N114: =M114/SUM(M$107:M$123) -> 0.059654135
A115: GUDIÑO GABRIELA | B115: 402794.71 | C115: 246490.15 | D115: 1406114.1 | E115: 79866.665 | F115: 352726.46 | H115: 59007.721 | I115: 1069466.1 | J115: 27595.839 | K115: 1466814.1 | M115: =SUM(B115:K115) -> 5110875.9 | N115: =M115/SUM(M$107:M$123) -> 0.059654135
A116: HARRIAGUE LUCIA | B116: 388351.53 | C116: 202889.41 | D116: 1338918.3 | E116: 51846.327 | F116: 331412.48 | H116: 29503.861 | I116: 968297.22 | J116: 13797.92 | K116: 1141784.9 | M116: =SUM(B116:K116) -> 4466802 | N116: =M116/SUM(M$107:M$123) -> 0.052136506
A117: MACIAS | B117: 402794.71 | C117: 246490.15 | D117: 1406114.1 | E117: 79866.665 | F117: 352726.46 | H117: 59007.721 | I117: 1069466.1 | J117: 27595.839 | K117: 1466814.1 | M117: =SUM(B117:K117) -> 5110875.9 | N117: =M117/SUM(M$107:M$123) -> 0.059654135
A118: MELO MAURO | B118: 402794.71 | C118: 246490.15 | D118: 1406114.1 | E118: 79866.665 | F118: 352726.46 | H118: 59007.721 | I118: 1069466.1 | J118: 27595.839 | K118: 1466814.1 | M118: =SUM(B118:K118) -> 5110875.9 | N118: =M118/SUM(M$107:M$123) -> 0.059654135
... A123: TOTIS | B123: 228484.75 | C123: 246490.15 | D123: 1410872.5 | E123: 46287.391 | F123: 295709.89 | H123: 59007.721 | I123: 1069466.1 | J123: 27595.839 | K123: 1444119.3 | M123: =SUM(B123:K123) -> 4828033.5 | N123: =M123/SUM(M$107:M$123) -> 0.0563528
A124: TOTALES | B124: =SUM(B107:B123) -> 6484447 | C124: =SUM(C107:C123) -> 4146731.9 | D124: =SUM(D107:D123) -> 23846261 | E124: =SUM(E107:E123) -> 1262554.4 | F124: =SUM(F107:F123) -> 5861002.7 | G124: =SUM(G107:G123) -> 0 | H124: =SUM(H107:H123) -> 973627.4 | I124: =SUM(I107:I123) -> 18079754 | ... N124: =SUM(N107:N123) -> 1
A127: Socio | B127: ADV 0707 | C127: ADV 1407 | D127: ADV 2107 | E127: ADV 2807 | F127: ADV 3006 | G127: ADV 0109 | H127: NQN 05/07 | I127: NQN 15/07 | J127: NQN 2507 | K127: NQN 2807 | L127: NQN 5 | M127: Totales | N127: Columna2
A128: ALVAREZ LUCAS | B128: 201932.06 | C128: 744092.73 | D128: 1223769.8 | E128: 334441.07 | H128: 30283.501 | I128: 406752.85 | J128: 56955.396 | K128: 1963619.9 | M128: =SUM(B128:K128) -> 4961847.3 | N128: ='2023'!$M128/SUM(M$128:M$144) -> 0.059956852
A129: BURGUEÑO LUCAS | B129: 201932.06 | C129: 744092.73 | D129: 1223769.8 | E129: 334441.07 | H129: 30283.501 | I129: 406752.85 | J129: 56955.396 | K129: 1963620.5 | M129: =SUM(B129:K129) -> 4961848 | N129: ='2023'!$M129/SUM(M$128:M$144) -> 0.059956859
A130: CONSIGLI ROBERTO CARLOS | B130: 201932.06 | C130: 744092.73 | D130: 1223769.8 | E130: 334441.07 | H130: 30283.501 | I130: 406752.85 | J130: 56955.396 | K130: 1963620.5 | M130: =SUM(B130:K130) -> 4961848 | N130: ='2023'!$M130/SUM(M$128:M$144) -> 0.059956859
A131: ESPINOSA | B131: 204051.11 | C131: 743199.24 | D131: 1222085.2 | E131: 338265.84 | H131: 30283.501 | I131: 406752.85 | J131: 56955.396 | K131: 1963619.9 | M131: =SUM(B131:K131) -> 4965213 | N131: ='2023'!$M131/SUM(M$128:M$144) -> 0.059997521
A132: GARCIA | B132: 201932.06 | C132: 744092.73 | D132: 1223769.8 | E132: 334441.07 | H132: 30283.501 | I132: 406752.85 | J132: 56955.396 | K132: 1963620.5 | M132: =SUM(B132:K132) -> 4961848 | N132: ='2023'!$M132/SUM(M$128:M$144) -> 0.059956859
...

Sheet 2022
B1: RN 0701 | C1: RN 1401 | D1: NQN 1501 | E1: RN 2001 | F1: RN 2801 | G1: NQN 3101
A2: ALVAREZ LUCAS | H2: =SUM(B2:G2) -> 0 | I2: =H2/SUM(H$2:H$16) -> 0 | K2: INGRESO | L2: MATIAS | M2: LUCAS | N2: JP
A3: BURGUEÑO LUCAS | B3: 52157.77 | C3: 60921.17 | D3: 246971.41 | E3: 33756.43 | F3: 99289.09 | G3: 411115.01 | H3: =SUM(B3:G3) -> 904210.88 | I3: =H3/SUM(H$2:H$16) -> 0.036703573 | K3: ENERO | L3: =I15 -> 0 | M3: 0 | N3: =I16 -> 0.080274703
A4: CONSIGLI ROBERTO CARLOS | B4: 170257.36 | C4: 213470.71 | D4: 581825.82 | E4: 522478.42 | F4: 103529.43 | G4: 386045.02 | H4: =SUM(B4:G4) -> 1977606.8 | I4: =H4/SUM(H$2:H$16) -> 0.080274675 | K4: FEBRERO | L4: =I35 -> 0.0036335562 | M4: 0 | N4: =I36 -> 0.078517063
A5: GARCIA | B5: 170257.36 | C5: 213470.71 | D5: 581826.51 | E5: 522478.42 | F5: 103529.43 | G5: 386045.03 | H5: =SUM(B5:G5) -> 1977607.5 | I5: =H5/SUM(H$2:H$16) -> 0.080274704 | K5: MARZO | L5: =K55 -> 0.013132126 | M5: 0 | N5: =K56 -> 0.076568229
A6: GIOJA MARIO ERNESTO | B6: 170257.36 | C6: 213470.71 | D6: 581826.31 | E6: 522478.42 | F6: 103529.43 | G6: 386045.04 | H6: =SUM(B6:G6) -> 1977607.3 | I6: =H6/SUM(H$2:H$16) -> 0.080274696 | K6: ABRIL | L6: =M74 -> 0.027281224 | M6: 0.0029251956 | N6: =M75 -> 0.074627899
A7: GOGORZA NICOLAS | B7: 170257.36 | C7: 213470.71 | D7: 581826.44 | E7: 522478.42 | F7: 103529.43 | G7: 386044.77 | H7: =SUM(B7:G7) -> 1977607.1 | I7: =H7/SUM(H$2:H$16) -> 0.08027469 | K7: MAYO | L7: =N92 -> 0.046304126 | M7: 0.01505265 | N7: =N93 -> 0.072497687
A8: GRANDE NADIA | B8: 170257.36 | C8: 213470.71 | D8: 581826.17 | E8: 522478.42 | F8: 103529.43 | G8: 386045.06 | H8: =SUM(B8:G8) -> 1977607.1 | I8: =H8/SUM(H$2:H$16) -> 0.080274691 | K8: JUNIO | L8: =O111 -> 0.057185704 | M8: 0.037436039 | N8: =O112 -> 0.069856696
A9: GUDIÑO GABRIELA | B9: 170257.36 | C9: 213470.71 | D9: 581826.31 | E9: 522478.42 | F9: 103529.43 | G9: 386045.07 | H9: =SUM(B9:G9) -> 1977607.3 | I9: =H9/SUM(H$2:H$16) -> 0.080274697 | K9: JULIO | L9: =N130 -> 0.061356163 | M9: 0.048561853 | N9: =N131 -> 0.068543883
A10: HARRIAGUE LUCIA | B10: 170257.36 | C10: 213470.71 | D10: 581826.79 | E10: 522478.42 | F10: 103529.43 | G10: 386045.08 | H10: =SUM(B10:G10) -> 1977607.8 | I10: =H10/SUM(H$2:H$16) -> 0.080274717 | K10: AGOSTO | L10: =L149 -> 0.066691335 | M10: 0.06042397 | N10: =L150 -> 0.067155722
A11: MACIAS | B11: 170257.36 | C11: 213470.71 | D11: 581826.85 | E11: 522478.42 | F11: 103529.43 | G11: 386045.09 | H11: =SUM(B11:G11) -> 1977607.9 | I11: =H11/SUM(H$2:H$16) -> 0.08027472 | K11: SEPTIEMBRE | L11: =L168 -> 0.065226402 | M11: 0.065191677 | N11: =L169 -> 0.066890675
A12: MELO MAURO | B12: 170257.36 | C12: 213470.71 | D12: 581826.48 | E12: 522478.42 | F12: 103529.43 | G12: 386045.1 | H12: =SUM(B12:G12) -> 1977607.5 | I12: =H12/SUM(H$2:H$16) -> 0.080274705 | K12: OCTUBRE | L12: =K187 -> 0.063011645 | M12: 0.062946018 | N12: =K188 -> 0.067243403
A13: QUIROGA MARTIN | B13: 170257.36 | C13: 213470.71 | D13: 581826.82 | E13: 522478.42 | F13: 103529.43 | G13: 386045.11 | H13: =SUM(B13:G13) -> 1977607.9 | I13: =H13/SUM(H$2:H$16) -> 0.08027472
A14: SAN MARTIN | B14: 170257.36 | C14: 213470.71 | D14: 581826.53 | E14: 522478.42 | F14: 103529.43 | G14: 386045.12 | H14: =SUM(B14:G14) -> 1977607.6 | I14: =H14/SUM(H$2:H$16) -> 0.080274708
A15: SCHVARTZMAN MATIAS | I15: =H15/SUM(H$2:H$16) -> 0
A16: SERRANO GAMARRA JUAN | B16: 170257.36 | C16: 213470.71 | D16: 581826.4 | E16: 522478.42 | F16: 103529.43 | G16: 386045.13 | H16: =SUM(B16:G16) -> 1977607.4 | I16: =H16/SUM(H$2:H$16) -> 0.080274703
H17: =SUM(H2:H16) -> 24635500 | I17: =SUM(I2:I16) -> 1
B21: RN 0402 | C21: RN 1102 | D21: NQN 1502 | E21: RN 2502 | F21: NQN 2502 | G21: AV 2502
A22: ALVAREZ LUCAS | F22: 0.01 | G22: 0 | H22: =SUM(B22:G22) -> 0.01 | I22: =H22/SUM(H$22:H$36) -> 4.4058224e-10
A23: BURGUEÑO LUCAS | B23: 228320.34 | C23: 72126.53 | D23: 372056.19 | E23: 197548.83 | F23: 337771.69 | G23: 21500.39 | H23: =SUM(B23:G23) -> 1229324 | I23: =H23/SUM(H$22:H$36) -> 0.054161831
A24: CONSIGLI ROBERTO CARLOS | B24: 229886.43 | C24: 203320.68 | D24: 704073.6 | E24: 306854.21 | F24: 319208.7 | G24: 18776.02 | H24: =SUM(B24:G24) -> 1782119.6 | I24: =H24/SUM(H$22:H$36) -> 0.078517026
A25: GARCIA | B25: 229886.43 | C25: 203320.68 | D25: 704073.72 | E25: 306854.21 | F25: 319209.04 | G25: 18776.02 | H25: =SUM(B25:G25) -> 1782120.1 | I25: =H25/SUM(H$22:H$36) -> 0.078517047
A26: GIOJA MARIO ERNESTO | B26: 229886.43 | C26: 203320.68 | D26: 704074.04 | E26: 306854.21 | F26: 319209.05 | G26: 18776.01 | H26: =SUM(B26:G26) -> 1782120.4 | I26: =H26/SUM(H$22:H$36) -> 0.078517061
A27: GOGORZA NICOLAS | B27: 229886.43 | C27: 203320.68 | D27: 704073.95 | E27: 306854.21 | F27: 319208.73 | G27: 18776.02 | H27: =SUM(B27:G27) -> 1782120 | I27: =H27/SUM(H$22:H$36) -> 0.078517043
A28: GRANDE NADIA | B28: 229886.43 | C28: 203320.68 | D28: 704074.09 | E28: 306854.21 | F28: 319208.74 | G28: 18776.02 | H28: =SUM(B28:G28) -> 1782120.2 | I28: =H28/SUM(H$22:H$36) -> 0.07851705
A29: GUDIÑO GABRIELA | B29: 229886.43 | C29: 203320.68 | D29: 704073.59 | E29: 306854.21 | F29: 319208.75 | G29: 18776.02 | H29: =SUM(B29:G29) -> 1782119.7 | I29: =H29/SUM(H$22:H$36) -> 0.078517028
A30: HARRIAGUE LUCIA | B30: 229886.43 | C30: 203320.68 | D30: 704073.71 | E30: 306854.21 | F30: 319208.76 | G30: 18776.02 | H30: =SUM(B30:G30) -> 1782119.8 | I30: =H30/SUM(H$22:H$36) -> 0.078517034
A31: MACIAS | B31: 229886.43 | C31: 203320.68 | D31: 704074.23 | E31: 306854.21 | F31: 319209.1 | G31: 18776.01 | H31: =SUM(B31:G31) -> 1782120.7 | I31: =H31/SUM(H$22:H$36) -> 0.078517071
A32: MELO MAURO | B32: 229886.43 | C32: 203320.68 | D32: 704074.18 | E32: 306854.21 | F32: 319208.78 | G32: 18776.01 | H32: =SUM(B32:G32) -> 1782120.3 | I32: =H32/SUM(H$22:H$36) -> 0.078517055
A33: QUIROGA MARTIN | B33: 229886.43 | C33: 203320.68 | D33: 704074.29 | E33: 306854.21 | F33: 319208.79 | G33: 18776.01 | H33: =SUM(B33:G33) -> 1782120.4 | I33: =H33/SUM(H$22:H$36) -> 0.07851706
A34: SAN MARTIN | B34: 229886.43 | C34: 203320.68 | D34: 704074.26 | E34: 306854.21 | F34: 319209.13 | G34: 18776.01 | H34: =SUM(B34:G34) -> 1782120.7 | I34: =H34/SUM(H$22:H$36) -> 0.078517074
A35: SCHVARTZMAN MATIAS | F35: 82878.14 | G35: -406.45 | H35: =SUM(B35:G35) -> 82471.69 | I35: =H35/SUM(H$22:H$36) -> 0.0036335562
A36: SERRANO GAMARRA JUAN | B36: 229886.43 | C36: 203320.68 | D36: 704074.32 | E36: 306854.21 | F36: 319208.82 | G36: 18776.01 | H36: =SUM(B36:G36) -> 1782120.5 | I36: =H36/SUM(H$22:H$36) -> 0.078517063
H37: =SUM(H22:H36) -> 22697238 | I37: =SUM(I22:I36) -> 1
B41: RN 1103 | C41: RN 1803 | D41: ADV 1103 | E41: ADV 1803 | F41: ADV 2503 | G41: RN 2503 | H41: NQN 1603 | I41: NQN 3103 | L41: Transferencia sociedad
A42: ALVAREZ LUCAS | B42: 0 | C42: 0 | D42: 0 | E42: 0 | F42: 0 | H42: 0 | I42: 0.01 | J42: =SUM(B42:I42) -> 0.01 | K42: =J42/SUM(J$42:J$56) -> 3.5234456e-10 | L42: =D42+E42+F42+C61+G22 -> 0
A43: BURGUEÑO LUCAS | B43: 636644.59 | C43: 0 | D43: 82772.84 | E43: 70777.018 | F43: 66351.88 | G43: 334732.06 | H43: 398138.74 | I43: 341912.69 | J43: =SUM(B43:I43) -> 1931329.8 | K43: =J43/SUM(J$42:J$56) -> 0.068049355 | L43: =D43+E43+F43+C62+G23 -> 339833.9
A44: CONSIGLI ROBERTO CARLOS | B44: 636644.59 | C44: 40573.32 | D44: 82772.84 | E44: 70777.018 | F44: 66224.59 | G44: 334732.06 | H44: 526373.55 | I44: 415007.7 | J44: =SUM(B44:I44) -> 2173105.7 | K44: =J44/SUM(J$42:J$56) -> 0.076568196 | L44: =D44+E44+F44+C63+G24 -> 335571.84
A45: GARCIA | B45: 636644.59 | C45: 40573.32 | D45: 82772.84 | E45: 70777.018 | F45: 66224.59 | G45: 334732.06 | H45: 526374.11 | I45: 415008.04 | J45: =SUM(B45:I45) -> 2173106.6 | K45: =J45/SUM(J$42:J$56) -> 0.076568228 | L45: =D45+E45+F45+C64+G25 -> 335571.84
A46: GIOJA MARIO ERNESTO | B46: 636644.59 | C46: 40573.32 | D46: 82772.84 | E46: 70777.018 | F46: 66224.59 | G46: 334732.06 | H46: 526373.37 | I46: 415008.05 | J46: =SUM(B46:I46) -> 2173105.8 | K46: =J46/SUM(J$42:J$56) -> 0.076568202 | L46: =D46+E46+F46+C65+G26 -> 335571.83
A47: GOGORZA NICOLAS | B47: 636644.59 | C47: 40573.32 | D47: 82772.84 | E47: 70777.018 | F47: 66224.59 | G47: 334732.06 | H47: 526373.72 | I47: 415007.73 | J47: =SUM(B47:I47) -> 2173105.9 | K47: =J47/SUM(J$42:J$56) -> 0.076568203 | L47: =D47+E47+F47+C66+G27 -> 335571.84
A48: GRANDE NADIA | B48: 636644.59 | C48: 40573.32 | D48: 82772.84 | E48: 70777.018 | F48: 66224.59 | G48: 334732.06 | H48: 526374.18 | I48: 415007.74 | J48: =SUM(B48:I48) -> 2173106.3 | K48: =J48/SUM(J$42:J$56) -> 0.07656822 | L48: =D48+E48+F48+C67+G28 -> 335571.84
A49: GUDIÑO GABRIELA | B49: 636644.59 | C49: 40573.32 | D49: 82772.84 | E49: 70777.018 | F49: 66224.59 | G49: 334732.06 | H49: 526373.75 | I49: 415007.75 | J49: =SUM(B49:I49) -> 2173105.9 | K49: =J49/SUM(J$42:J$56) -> 0.076568205 | L49: =D49+E49+F49+C68+G29 -> 335571.84
A50: HARRIAGUE LUCIA | B50: 636644.59 | C50: 40573.32 | D50: 82772.84 | E50: 70777.018 | F50: 66224.59 | G50: 334732.06 | H50: 526373.86 | I50: 415007.76 | J50: =SUM(B50:I50) -> 2173106 | K50: =J50/SUM(J$42:J$56) -> 0.076568209 | L50: =D50+E50+F50+C69+G30 -> 335571.84
A51: MACIAS | B51: 636644.59 | C51: 40573.32 | D51: 82772.84 | E51: 70777.018 | F51: 66224.59 | G51: 334732.06 | H51: 526373.62 | I51: 415008.1 | J51: =SUM(B51:I51) -> 2173106.1 | K51: =J51/SUM(J$42:J$56) -> 0.076568213 | L51: =D51+E51+F51+C70+G31 -> 335571.83
A52: MELO MAURO | B52: 636644.59 | C52: 40573.32 | D52: 82772.84 | E52: 70777.018 | F52: 66224.59 | G52: 334732.06 | H52: 526373.72 | I52: 415007.78 | J52: =SUM(B52:I52) -> 2173105.9 | K52: =J52/SUM(J$42:J$56) -> 0.076568205 | L52: =D52+E52+F52+C71+G32 -> 335571.83
A53: QUIROGA MARTIN | B53: 636644.59 | C53: 40573.32 | D53: 82772.84 | E53: 70777.018 | F53: 66224.59 | G53: 334732.06 | H53: 526373.44 | I53: 415007.79 | J53: =SUM(B53:I53) -> 2173105.6 | K53: =J53/SUM(J$42:J$56) -> 0.076568195 | L53: =D53+E53+F53+C72+G33 -> 335571.83
A54: SAN MARTIN | B54: 636644.59 | C54: 40573.32 | D54: 82772.84 | E54: 70777.018 | F54: 66224.59 | G54: 334732.06 | H54: 526373.65 | I54: 415008.13 | J54: =SUM(B54:I54) -> 2173106.2 | K54: =J54/SUM(J$42:J$56) -> 0.076568215 | L54: =D54+E54+F54+C73+G34 -> 335571.83
A55: SCHVARTZMAN MATIAS | B55: 0 | C55: 0 | D55: 0 | E55: 17809.186 | F55: -18.99 | H55: 65734.59 | I55: 289182.14 | J55: =SUM(B55:I55) -> 372706.93 | K55: =J55/SUM(J$42:J$56) -> 0.013132126 | L55: =D55+E55+F55+C74+G35 -> 37369.316
A56: SERRANO GAMARRA JUAN | B56: 636644.59 | C56: 40573.32 | D56: 82772.84 | E56: 70777.018 | F56: 66224.59 | G56: 334732.06 | H56: 526374.36 | I56: 415007.82 | J56: =SUM(B56:I56) -> 2173106.6 | K56: =J56/SUM(J$42:J$56) -> 0.076568229 | L56: =D56+E56+F56+C75+G36 -> 335571.83
J57: =SUM(J42:J56) -> 28381309 | L57: =SUM(L42:L56) -> 4404065.2
B60: RN 0104 | C60: ADV 0104 | D60: RN 1304 | E60: ADV1304 | F60: NQN1304 | G60: ADV 2204 | H60: RN 2204 | I60: NQN 2904 | J60: RN 2904 | K60: ADV 2904
A61: ALVAREZ LUCAS | C61: 0 | E61: 0 | F61: 0.01 | G61: 0 | H61: 0 | I61: 91714.01 | J61: 0 | K61: 0 | L61: =SUM(B61:K61) -> 91714.02 | M61: =L61/SUM(L$61:L$75) -> 0.0029251956
A62: BURGUEÑO LUCAS | B62: 154085.97 | C62: 98431.77 | D62: 277464.55 | E62: 86435.305 | F62: 628050.02 | G62: 464905.41 | H62: 116659.6 | I62: 306365.02 | J62: 33223.127 | K62: 162629.07 | L62: =SUM(B62:K62) -> 2328249.8 | M62: =L62/SUM(L$61:L$75) -> 0.074258942
A63: CONSIGLI ROBERTO CARLOS | B63: 166429.49 | C63: 97021.37 | D63: 277464.55 | E63: 86435.305 | F63: 631846.23 | G63: 463439.98 | H63: 116659.6 | I63: 304669.03 | J63: 33223.127 | K63: 162629.07 | L63: =SUM(B63:K63) -> 2339817.8 | M63: =L63/SUM(L$61:L$75) -> 0.074627898
A64: GARCIA | B64: 166429.49 | C64: 97021.37 | D64: 277464.55 | E64: 86435.305 | F64: 631845.92 | G64: 463439.98 | H64: 116659.6 | I64: 304669.04 | J64: 33223.127 | K64: 162629.07 | L64: =SUM(B64:K64) -> 2339817.5 | M64: =L64/SUM(L$61:L$75) -> 0.074627888
A65: GIOJA MARIO ERNESTO | B65: 166429.49 | C65: 97021.37 | D65: 277464.55 | E65: 86435.305 | F65: 631846.05 | G65: 463439.98 | H65: 116659.6 | I65: 304669.05 | J65: 33223.127 | K65: 162629.07 | L65: =SUM(B65:K65) -> 2339817.6 | M65: =L65/SUM(L$61:L$75) -> 0.074627893
A66: GOGORZA NICOLAS | B66: 166429.49 | C66: 97021.37 | D66: 277464.55 | E66: 86435.305 | F66: 631845.4 | G66: 463439.98 | H66: 116659.6 | I66: 304669.06 | J66: 33223.127 | K66: 162629.07 | L66: =SUM(B66:K66) -> 2339817 | M66: =L66/SUM(L$61:L$75) -> 0.074627872
A67: GRANDE NADIA | B67: 166429.49 | C67: 97021.37 | D67: 277464.55 | E67: 86435.305 | F67: 631845.86 | G67: 463439.98 | H67: 116659.6 | I67: 304669.07 | J67: 33223.127 | K67: 162629.07 | L67: =SUM(B67:K67) -> 2339817.4 | M67: =L67/SUM(L$61:L$75) -> 0.074627887
A68: GUDIÑO GABRIELA | B68: 166429.49 | C68: 97021.37 | D68: 277464.55 | E68: 86435.305 | F68: 631845.43 | G68: 463439.98 | H68: 116659.6 | I68: 304669.08 | J68: 33223.127 | K68: 162629.07 | L68: =SUM(B68:K68) -> 2339817 | M68: =L68/SUM(L$61:L$75) -> 0.074627874
A69: HARRIAGUE LUCIA | B69: 166429.49 | C69: 97021.37 | D69: 277464.55 | E69: 86435.305 | F69: 631845.54 | G69: 463439.98 | H69: 116659.6 | I69: 304669.09 | J69: 33223.127 | K69: 162629.07 | L69: =SUM(B69:K69) -> 2339817.1 | M69: =L69/SUM(L$61:L$75) -> 0.074627878
A70: MACIAS | B70: 166429.49 | C70: 97021.37 | D70: 277464.55 | E70: 86435.305 | F70: 631845.43 | G70: 463439.98 | H70: 116659.6 | I70: 304669.1 | J70: 33223.127 | K70: 162629.07 | L70: =SUM(B70:K70) -> 2339817 | M70: =L70/SUM(L$61:L$75) -> 0.074627874
A71: MELO MAURO | B71: 166429.49 | C71: 97021.37 | D71: 277464.55 | E71: 86435.305 | F71: 631845.4 | G71: 463439.98 | H71: 116659.6 | I71: 304669.11 | J71: 33223.127 | K71: 162629.07 | L71: =SUM(B71:K71) -> 2339817 | M71: =L71/SUM(L$61:L$75) -> 0.074627874
A72: QUIROGA MARTIN | B72: 166429.49 | C72: 97021.37 | D72: 277464.55 | E72: 86435.305 | F72: 631846.12 | G72: 463439.98 | H72: 116659.6 | I72: 304669.12 | J72: 33223.127 | K72: 162629.07 | L72: =SUM(B72:K72) -> 2339817.7 | M72: =L72/SUM(L$61:L$75) -> 0.074627897
A73: SAN MARTIN | B73: 166429.49 | C73: 97021.37 | D73: 277464.55 | E73: 86435.305 | F73: 631846.38 | G73: 463439.98 | H73: 116659.6 | I73: 304669.13 | J73: 33223.127 | K73: 162629.07 | L73: =SUM(B73:K73) -> 2339818 | M73: =L73/SUM(L$61:L$75) -> 0.074627906
A74: SCHVARTZMAN MATIAS | C74: 19985.57 | D74: 7478.3821 | E74: 42023.323 | F74: 228073.59 | G74: 115431.49 | H74: 0 | I74: 336862.14 | J74: 0 | K74: 105497.12 | L74: =SUM(B74:K74) -> 855351.62 | M74: =L74/SUM(L$61:L$75) -> 0.027281224
A75: SERRANO GAMARRA JUAN | B75: 166429.49 | C75: 97021.37 | D75: 277464.55 | E75: 86435.305 | F75: 631846.15 | G75: 463439.98 | H75: 116659.6 | I75: 304669.15 | J75: 33223.127 | K75: 162629.07 | L75: =SUM(B75:K75) -> 2339817.8 | M75: =L75/SUM(L$61:L$75) -> 0.074627899
L76: =SUM(L61:L75) -> 31353124
B78: RN 0605 | C78: ADV 0605 | D78: RN 1305 | E78: ADV 1305 | F78: NQN 1305 | G78: RN 2005 | H78: ADV 2005 | I78: RN 2705 | J78: ADV 2705 | K78: NQN 2705 | L78: NQN 3105
A79: ALVAREZ LUCAS | B79: 0 | C79: -1024.4885 | D79: 0 | E79: -991.42686 | F79: 76871.01 | G79: 0 | H79: -459.93 | J79: 7798.3053 | K79: 13181.01 | L79: 398159.01 | M79: =SUM(B79:L79) -> 493533.49 | N79: =M79/SUM(M$79:M$93) -> 0.01505265
A80: BURGUEÑO LUCAS | B80: 0 | C80: 116389.06 | D80: 67423.547 | E80: 233870.81 | F80: 584456.02 | G80: 16007.246 | H80: 370107.89 | I80: 110137.48 | J80: 276204.63 | K80: 13181.01 | L80: 463748.02 | M80: =SUM(B80:L80) -> 2251525.7 | N80: =M80/SUM(M$79:M$93) -> 0.068670982
A81: CONSIGLI ROBERTO CARLOS | B81: 87912.95 | C81: 116259.66 | D81: 67423.547 | E81: 233745.76 | F81: 588360.03 | G81: 16007.246 | H81: 370049.88 | I81: 110137.48 | J81: 276204.63 | K81: 13181.01 | L81: 497710.03 | M81: =SUM(B81:L81) -> 2376992.2 | N81: =M81/SUM(M$79:M$93) -> 0.07249768
A82: GARCIA | B82: 87912.95 | C82: 116259.67 | D82: 67423.547 | E82: 233745.76 | F82: 588360.02 | G82: 16007.246 | H82: 370049.88 | I82: 110137.48 | J82: 276204.63 | K82: 13181.01 | L82: 497710.04 | M82: =SUM(B82:L82) -> 2376992.2 | N82: =M82/SUM(M$79:M$93) -> 0.07249768
A83: GIOJA MARIO ERNESTO | B83: 87912.95 | C83: 116259.67 | D83: 67423.547 | E83: 233745.76 | F83: 588360.05 | G83: 16007.246 | H83: 370049.88 | I83: 110137.48 | J83: 276204.63 | K83: 13181.01 | L83: 497710.05 | M83: =SUM(B83:L83) -> 2376992.3 | N83: =M83/SUM(M$79:M$93) -> 0.072497681
A84: GOGORZA NICOLAS | B84: 87912.95 | C84: 116259.67 | D84: 67423.547 | E84: 233745.77 | F84: 588360.06 | G84: 16007.246 | H84: 370049.89 | I84: 110137.48 | J84: 276204.63 | K84: 13181.01 | L84: 497710.06 | M84: =SUM(B84:L84) -> 2376992.3 | N84: =M84/SUM(M$79:M$93) -> 0.072497682
A85: GRANDE NADIA | B85: 87912.95 | C85: 116259.67 | D85: 67423.547 | E85: 233745.76 | F85: 588360.07 | G85: 16007.246 | H85: 370049.88 | I85: 110137.48 | J85: 276204.63 | K85: 13181.01 | L85: 497710.07 | M85: =SUM(B85:L85) -> 2376992.3 | N85: =M85/SUM(M$79:M$93) -> 0.072497682
A86: GUDIÑO GABRIELA | B86: 87912.95 | C86: 116259.67 | D86: 67423.547 | E86: 233745.77 | F86: 588360.08 | G86: 16007.246 | H86: 370049.89 | I86: 110137.48 | J86: 276204.63 | K86: 13181.01 | L86: 497710.08 | M86: =SUM(B86:L86) -> 2376992.4 | N86: =M86/SUM(M$79:M$93) -> 0.072497684
A87: HARRIAGUE LUCIA | B87: 87912.95 | C87: 116259.67 | D87: 67423.547 | E87: 233745.77 | F87: 588360.54 | G87: 16007.246 | H87: 370049.88 | I87: 110137.48 | J87: 276204.63 | K87: 13181.01 | L87: 497710.09 | M87: =SUM(B87:L87) -> 2376992.8 | N87: =M87/SUM(M$79:M$93) -> 0.072497698
A88: MACIAS | B88: 87912.95 | C88: 116259.67 | D88: 67423.547 | E88: 233745.77 | F88: 588360.53 | G88: 16007.246 | H88: 370049.89 | I88: 110137.48 | J88: 276204.63 | K88: 13181.01 | L88: 497710.1 | M88: =SUM(B88:L88) -> 2376992.8 | N88: =M88/SUM(M$79:M$93) -> 0.072497698
A89: MELO MAURO | B89: 87912.95 | C89: 116259.67 | D89: 67423.547 | E89: 233745.77 | F89: 588360.11 | G89: 16007.246 | H89: 370049.89 | I89: 110137.48 | J89: 276204.63 | K89: 13181.01 | L89: 497710.11 | M89: =SUM(B89:L89) -> 2376992.4 | N89: =M89/SUM(M$79:M$93) -> 0.072497685
A90: QUIROGA MARTIN | B90: 87912.95 | C90: 116259.66 | D90: 67423.547 | E90: 233745.76 | F90: 588360.12 | G90: 16007.246 | H90: 370049.88 | I90: 110137.48 | J90: 276204.63 | K90: 13181.01 | L90: 497710.12 | M90: =SUM(B90:L90) -> 2376992.4 | N90: =M90/SUM(M$79:M$93) -> 0.072497685
A91: SAN MARTIN | B91: 87912.95 | C91: 116259.66 | D91: 67423.547 | E91: 233745.76 | F91: 588360.56 | G91: 16007.246 | H91: 370049.88 | I91: 110137.48 | J91: 276204.63 | K91: 13181.01 | L91: 497710.13 | M91: =SUM(B91:L91) -> 2376992.9 | N91: =M91/SUM(M$79:M$93) -> 0.072497699
... A93: SERRANO GAMARRA JUAN | B93: 87912.95 | C93: 116259.66 | D93: 67423.547 | E93: 233745.76 | F93: 588360.15 | G93: 16007.246 | H93: 370049.88 | I93: 110137.48 | J93: 276204.63 | K93: 13181.01 | L93: 497710.15 | M93: =SUM(B93:L93) -> 2376992.5 | N93: =M93/SUM(M$79:M$93) -> 0.072497687
B94: =SUM(B79:B93) -> 1054955.4 | C94: =SUM(C79:C93) -> 1639213.2 | D94: =SUM(D79:D93) -> 876506.11 | E94: =SUM(E79:E93) -> 3144477.3 | F94: =SUM(F79:F93) -> 8022626.9 | G94: =SUM(G79:G93) -> 208094.19 | H94: =SUM(H79:H93) -> 5152814.3 | I94: =SUM(I79:I93) -> 1431787.2 | ... M94: =SUM(M79:M93) -> 32787149 | N94: =M94/SUM(M$79:M$93) -> 1
B97: RN 0306 | C97: ADV 0306 | D97: RN 1006 | E97: ADV 1006 | F97: NQN 1506 | G97: RN 1606 | H97: ADV 1606 | I97: NQN 1606 | J97: RN 2406 | K97: ADV 2406 | L97: NQN 2906 | M97: NQN 3006
A98: ALVAREZ LUCAS | B98: 0 | C98: 29008.513 | D98: 0 | E98: 31777.218 | F98: 265332.01 | G98: 0 | H98: 161667.77 | I98: 13149.01 | J98: 0 | K98: 153204.7 | L98: 19392.01 | M98: 569482.01 | N98: =SUM(B98:M98) -> 1243013.2 | O98: =N98/SUM(N$98:N$112) -> 0.037436039
A99: BURGUEÑO LUCAS | B99: 9396.3031 | C99: 83330.658 | D99: 1512.1297 | E99: 45611.702 | F99: 307956.02 | G99: 94687.721 | H99: 593542.29 | I99: 27047.02 | J99: 12505.256 | K99: 196462.06 | L99: 19392.02 | M99: 836454.02 | N99: =SUM(B99:M99) -> 2227897.2 | O99: =N99/SUM(N$98:N$112) -> 0.067097955
A100: CONSIGLI ROBERTO CARLOS | B100: 9396.3031 | C100: 81485.421 | D100: 1512.1297 | E100: 45611.702 | F100: 319894.03 | G100: 94687.721 | H100: 593542.29 | I100: 108605.03 | J100: 12505.256 | K100: 196462.06 | L100: 19392.03 | M100: 836403.03 | N100: =SUM(B100:M100) -> 2319497 | O100: =N100/SUM(N$98:N$112) -> 0.069856681
A101: GARCIA | B101: 9396.3031 | C101: 81485.421 | D101: 1512.1297 | E101: 45611.702 | F101: 319894.58 | G101: 94687.721 | H101: 593542.29 | I101: 108605.04 | J101: 12505.256 | K101: 196462.06 | L101: 19392.04 | M101: 836403.04 | N101: =SUM(B101:M101) -> 2319497.6 | O101: =N101/SUM(N$98:N$112) -> 0.069856699
A102: GIOJA MARIO ERNESTO | B102: 9396.3031 | C102: 81485.42 | D102: 1512.1297 | E102: 45611.702 | F102: 319894.05 | G102: 94687.721 | H102: 593542.29 | I102: 108605.05 | J102: 12505.256 | K102: 196462.06 | L102: 19392.05 | M102: 836403.05 | N102: =SUM(B102:M102) -> 2319497.1 | O102: =N102/SUM(N$98:N$112) -> 0.069856684
A103: GOGORZA NICOLAS | B103: 9396.3031 | C103: 81485.419 | D103: 1512.1297 | E103: 45611.702 | F103: 319894.06 | G103: 94687.721 | H103: 593542.29 | I103: 108605.06 | J103: 12505.256 | K103: 196462.06 | L103: 19392.06 | M103: 836403.06 | N103: =SUM(B103:M103) -> 2319497.1 | O103: =N103/SUM(N$98:N$112) -> 0.069856685
A104: GRANDE NADIA | B104: 9396.3031 | C104: 81485.419 | D104: 1512.1297 | E104: 45611.702 | F104: 319894.07 | G104: 94687.721 | H104: 593542.29 | I104: 108605.07 | J104: 12505.256 | K104: 196462.06 | L104: 19392.07 | M104: 836403.07 | N104: =SUM(B104:M104) -> 2319497.2 | O104: =N104/SUM(N$98:N$112) -> 0.069856686
A105: GUDIÑO GABRIELA | B105: 9396.3031 | C105: 81485.418 | D105: 1512.1297 | E105: 45611.702 | F105: 319894.08 | G105: 94687.721 | H105: 593542.29 | I105: 108605.08 | J105: 12505.256 | K105: 196462.06 | L105: 19392.08 | M105: 836403.08 | N105: =SUM(B105:M105) -> 2319497.2 | O105: =N105/SUM(N$98:N$112) -> 0.069856687
A106: HARRIAGUE LUCIA | B106: 9396.3031 | C106: 81485.411 | D106: 1512.1297 | E106: 45611.702 | F106: 319894.09 | G106: 94687.721 | H106: 593542.29 | I106: 108605.09 | J106: 12505.256 | K106: 196462.06 | L106: 19392.09 | M106: 836403.09 | N106: =SUM(B106:M106) -> 2319497.2 | O106: =N106/SUM(N$98:N$112) -> 0.069856688
A107: MACIAS | B107: 9396.3031 | C107: 81485.411 | D107: 1512.1297 | E107: 45611.702 | F107: 319894.64 | G107: 94687.721 | H107: 593542.29 | I107: 108605.1 | J107: 12505.256 | K107: 196462.06 | L107: 19392.1 | M107: 836403.1 | N107: =SUM(B107:M107) -> 2319497.8 | O107: =N107/SUM(N$98:N$112) -> 0.069856706
A108: MELO MAURO | B108: 9396.3031 | C108: 81485.417 | D108: 1512.1297 | E108: 45611.702 | F108: 319894.11 | G108: 94687.721 | H108: 593542.29 | I108: 108605.11 | J108: 12505.256 | K108: 196462.06 | L108: 19392.11 | M108: 836403.11 | N108: =SUM(B108:M108) -> 2319497.3 | O108: =N108/SUM(N$98:N$112) -> 0.069856691
A109: QUIROGA MARTIN | B109: 9396.3031 | C109: 81485.417 | D109: 1512.1297 | E109: 45611.702 | F109: 319894.12 | G109: 94687.721 | H109: 593542.29 | I109: 108605.12 | J109: 12505.256 | K109: 196462.06 | L109: 19392.12 | M109: 836403.12 | N109: =SUM(B109:M109) -> 2319497.4 | O109: =N109/SUM(N$98:N$112) -> 0.069856692
... A112: SERRANO GAMARRA JUAN | B112: 9396.3031 | C112: 81485.416 | D112: 1512.1297 | E112: 45611.702 | F112: 319894.15 | G112: 94687.721 | H112: 593542.29 | I112: 108605.15 | J112: 12505.256 | K112: 196462.06 | L112: 19392.15 | M112: 836403.15 | N112: =SUM(B112:M112) -> 2319497.5 | O112: =N112/SUM(N$98:N$112) -> 0.069856696
B113: =SUM(B98:B112) -> 122151.94 | C113: =SUM(C98:C112) -> 1185023.5 | D113: =SUM(D98:D112) -> 19657.686 | E113: =SUM(E98:E112) -> 656506.57 | F113: =SUM(F98:F112) -> 4717341.8 | G113: =SUM(G98:G112) -> 1230940.4 | H113: =SUM(H98:H112) -> 8462100 | I113: =SUM(I98:I112) -> 1370504.2 | ... O113: =SUM(O98:O112) -> 1
B116: RN 0807 | C116: ADV 0807 | D116: RN 1507 | E116: ADV 1507 | F116: NQN 1507 | G116: RN 2207 | H116: ADV 2207 | I116: RN 2907 | J116: ADV 2907 | K116: NQN 2707 | L116: NQN 2907
...

Sheet 2020
B1: RN 0301 | C1: NQN 0301 | D1: RN 1001 | E1: NQN 1001 | F1: RN 1701 | G1: NQN 1701 | H1: RN 2401 | I1: NQN 2401 | J1: RN 3101
A2: Consigli | B2: 88016.657 | C2: 44935.01 | D2: 123823.44 | E2: 74540.26 | F2: 107649.96 | G2: 109002.71 | H2: 282439.49 | I2: 164205.95 | J2: 118243.91 | K2: 1112857.4 | L2: 0.0988 | N2: 92720807
A3: Etulain | B3: 88016.657 | C3: 44935.02 | D3: 123823.44 | E3: 74540.15 | F3: 107649.96 | G3: 109003.02 | H3: 282439.49 | I3: 165564.02 | J3: 118243.91 | K3: 1114215.7 | L3: 0.0989
A4: García | B4: 87880.209 | C4: 40448.03 | D4: 123823.44 | E4: 71337.03 | F4: 107649.96 | G4: 108240.03 | H4: 282439.49 | I4: 61819.03 | J4: 118243.91 | K4: 1001881.1 | L4: 0.0889
A5: Gioja | B5: 88016.657 | C5: 44935.04 | D5: 123823.44 | E5: 74540.33 | F5: 107649.96 | G5: 109003.04 | H5: 282439.49 | I5: 164205.98 | J5: 118243.91 | K5: 1112857.8 | L5: 0.0988
A6: Gogorza | B6: 88016.657 | C6: 44935.05 | D6: 123823.44 | E6: 74539.94 | F6: 107649.96 | G6: 109003.05 | H6: 282439.49 | I6: 164205.99 | J6: 118243.91 | K6: 1112857.5 | L6: 0.0988
A7: Grande | B7: 52989.317 | C7: 26961.06 | D7: 74546.766 | E7: 45518.78 | F7: 64809.67 | G7: 65402.06 | H7: 170040.1 | I7: 107536 | J7: 71187.659 | K7: 678991.41 | L7: 0.0603
A8: Gudiño | B8: 88016.657 | C8: 44935.07 | D8: 123823.44 | E8: 74539.89 | F8: 107649.96 | G8: 109002.82 | H8: 282439.49 | I8: 164206.01 | J8: 118243.91 | K8: 1112857.2 | L8: 0.0988
A9: Harriague | B9: 88016.657 | C9: 44935.08 | D9: 123823.44 | E9: 74539.77 | F9: 107649.96 | G9: 109003.08 | H9: 282439.49 | I9: 164206.02 | J9: 118243.91 | K9: 1112857.4 | L9: 0.0988
A10: Melo | B10: 88016.657 | C10: 44935.09 | D10: 123823.44 | E10: 74540.07 | F10: 107649.96 | G10: 109003.09 | H10: 282439.49 | I10: 164206.03 | J10: 118243.91 | K10: 1112857.7 | L10: 0.0988
A11: Quiroga | B11: 88016.657 | C11: 44935.1 | D11: 123823.44 | E11: 74539.79 | F11: 107649.96 | G11: 109003.1 | H11: 282439.49 | I11: 164206.04 | J11: 118243.91 | K11: 1112857.5 | L11: 0.0988
A12: Serrano | B12: 52989.317 | C12: 26961.11 | D12: 74546.766 | E12: 45518.71 | F12: 64809.67 | G12: 65402.11 | H12: 170040.1 | I12: 107026.05 | J12: 71187.659 | K12: 678481.49 | L12: 0.0602
A13: Materiales | C13: 23887.04 | E13: 23943.9 | G13: 57204.06 | I13: 83391.13 | K13: 188426.12
L14: 11451998
B15: RN 0702 | C15: NQN 0702 | D15: RN 1402 | E15: NQN 1402 | F15: RN 2102 | G15: NQN 2102
A16: Consigli | B16: 81208.36 | C16: 284965.11 | D16: 204183.1 | E16: 63725.01 | F16: 124233.17 | G16: 178075.01 | H16: 936389.76 | I16: 0.0987
A17: Etulain | B17: 81208.36 | C17: 284935.02 | D17: 204183.1 | E17: 63715.02 | F17: 124233.17 | G17: 177085.02 | H17: 935359.69 | I17: 0.0986
A18: García | B18: 81208.36 | C18: 114823.03 | D18: 204183.1 | E18: 64579.03 | F18: 124233.17 | G18: 168582.03 | H18: 757608.72 | I18: 0.0799
A19: Gioja | B19: 81208.36 | C19: 284964.84 | D19: 204183.1 | E19: 63725.26 | F19: 124233.17 | G19: 178075.46 | H19: 936390.19 | I19: 0.0987
A20: Gogorza | B20: 81208.36 | C20: 284965.09 | D20: 204183.1 | E20: 63725.05 | F20: 124233.17 | G20: 178075.05 | H20: 936389.82 | I20: 0.0987
A21: Grande | B21: 48890.75 | C21: 179831.93 | D21: 168521.73 | E21: 38149.06 | F21: 75510.37 | G21: 107861.06 | H21: 618764.9 | I21: 0.0652
A22: Gudiño | B22: 81208.36 | C22: 284965.03 | D22: 204183.1 | E22: 63725.83 | F22: 124233.17 | G22: 178075.07 | H22: 936390.56 | I22: 0.0987
A23: Harriague | B23: 81208.36 | C23: 284964.92 | D23: 204183.1 | E23: 63725.08 | F23: 124233.17 | G23: 178075.08 | H23: 936389.71 | I23: 0.0987
A24: Melo | B24: 81208.36 | C24: 284965.22 | D24: 204183.1 | E24: 63725.09 | F24: 124233.17 | G24: 178075.09 | H24: 936390.03 | I24: 0.0987
A25: Quiroga | B25: 81208.36 | C25: 284964.94 | D25: 204183.1 | E25: 63725.1 | F25: 124233.17 | G25: 178075.1 | H25: 936389.77 | I25: 0.0987
A26: Serrano | B26: 48890.75 | C26: 179843.1 | D26: 168521.73 | E26: 38152.11 | F26: 75510.37 | G26: 107861.11 | H26: 618779.17 | I26: 0.0652
A27: Materiales | C27: 130401.24 | E27: 33704.61 | G27: 94697.34 | H27: 258803.19
J28: 9744045.5
B30: RN 0603 | C30: NQN 0603 | D30: RN 1303 | E30: NQN 1303 | F30: RN 2003 | G30: NQN 2003 | H30: RN 2703 | I30: NQN 2703
A31: Consigli | B31: 135754.98 | C31: 88667.92 | D31: 253142.4 | E31: 61396.28 | F31: 84852.401 | G31: 141119.95 | H31: 151706.43 | I31: 55806.01 | J31: 972446.37 | K31: 0.0978
A32: Etulain | B32: 135754.98 | C32: 88732.15 | D32: 253142.4 | E32: 61392.02 | F32: 84852.401 | G32: 141120.02 | H32: 151706.43 | I32: 55778.02 | J32: 972478.42 | K32: 0.0978
A33: García | B33: 135754.98 | C33: 93245.03 | D33: 253102.05 | E33: 61748.03 | F33: 84852.401 | G33: 132193.03 | H33: 151702.28 | I33: 57448.03 | J33: 970045.83 | K33: 0.0975
A34: Gioja | B34: 135754.98 | C34: 88667.85 | D34: 253142.4 | E34: 61396.04 | F34: 84852.401 | G34: 141119.98 | H34: 151706.43 | I34: 55806.04 | J34: 972446.12 | K34: 0.0978
A35: Gogorza | B35: 135754.98 | C35: 88667.24 | D35: 253142.4 | E35: 61396.25 | F35: 84852.401 | G35: 141119.99 | H35: 151706.43 | I35: 55806.05 | J35: 972445.74 | K35: 0.0978
A36: Grande | B36: 81730.04 | C36: 51415.25 | D36: 160862.77 | E36: 36802.09 | F36: 53666.622 | G36: 86207 | H36: 93700 | I36: 33847.06 | J36: 598230.83 | K36: 0.0601
A37: Gudiño | B37: 135754.98 | C37: 88667.26 | D37: 253142.4 | E37: 61396.66 | F37: 84852.401 | G37: 141120.05 | H37: 151706.43 | I37: 55806.32 | J37: 972446.5 | K37: 0.0978
A38: Harriague | B38: 135754.98 | C38: 88667.27 | D38: 253142.4 | E38: 61397.08 | F38: 84852.401 | G38: 141120.02 | H38: 151706.43 | I38: 55806.08 | J38: 972446.66 | K38: 0.0978
A39: Melo | B39: 135754.98 | C39: 88667.28 | D39: 253142.4 | E39: 61396.38 | F39: 84852.401 | G39: 141120.03 | H39: 151706.43 | I39: 55806.09 | J39: 972445.99 | K39: 0.0978
A40: Quiroga | B40: 135754.98 | C40: 88667.29 | D40: 253142.4 | E40: 61397.1 | F40: 84852.401 | G40: 141120.04 | H40: 151706.43 | I40: 55806.1 | J40: 972446.74 | K40: 0.0978
A41: Serrano | B41: 81730.04 | C41: 51414.3 | D41: 160862.77 | E41: 36804.11 | F41: 53666.622 | G41: 86207.05 | H41: 93700 | I41: 33857.11 | J41: 598242 | K41: 0.0601
A42: Materiales | C42: 29155.05 | E42: 29502.635 | G42: 73555.035 | I42: 27541.52 | J42: 159754.24
J43: 10105875
B45: RN 0804 | C45: NQN 0804 | D45: RN 1704 | E45: RN 2404 | F45: RN 3004 | G45: NQN 3004
A46: Consigli | B46: 119605.01 | C46: 55863.38 | D46: 317377.7 | E46: 42865.59 | F46: 231212.49 | G46: 10695.44 | H46: 777619.61 | I46: 0.0963
A47: Etulain | B47: 119604.15 | C47: 55863.38 | D47: 317377.7 | E47: 42865.59 | F47: 231211.02 | G47: 10695.44 | H47: 777617.28 | I47: 0.0963
A48: García | B48: 119086.03 | C48: 55863.38 | D48: 317396.35 | E48: 42894.08 | F48: 220938.03 | G48: 10697.19 | H48: 766875.07 | I48: 0.0949
A49: Gioja | B49: 119605.04 | C49: 55863.38 | D49: 317377.7 | E49: 42865.59 | F49: 231212.96 | G49: 10695.44 | H49: 777620.11 | I49: 0.0963
A50: Gogorza | B50: 119605.05 | C50: 55863.38 | D50: 317377.7 | E50: 42865.59 | F50: 231213.23 | G50: 10695.44 | H50: 777620.39 | I50: 0.0963
A51: Grande | B51: 76759.06 | C51: 36188.76 | D51: 235140.56 | E51: 39760.22 | F51: 148952.81 | G51: 7913.77 | H51: 544715.18 | I51: 0.0674
A52: Gudiño | B52: 119605.07 | C52: 55863.38 | D52: 317377.7 | E52: 42865.59 | F52: 231212.86 | G52: 10695.44 | H52: 777620.04 | I52: 0.0963
A53: Harriague | B53: 119604.08 | C53: 55863.38 | D53: 317377.7 | E53: 42865.59 | F53: 231212.8 | G53: 10695.44 | H53: 777618.99 | I53: 0.0963
A54: Melo | B54: 119604.38 | C54: 55863.38 | D54: 317377.7 | E54: 42865.59 | F54: 231213.28 | G54: 10695.44 | H54: 777619.77 | I54: 0.0963
A55: Quiroga | B55: 119604.1 | C55: 55863.38 | D55: 317377.7 | E55: 42865.59 | F55: 231212.82 | G55: 10695.44 | H55: 777619.03 | I55: 0.0963
A56: Serrano | B56: 76759.52 | C56: 36188.76 | D56: 235140.56 | E56: 39760.22 | F56: 148951.83 | G56: 7913.77 | H56: 544714.66 | I56: 0.0674
A57: Materiales | C57: 49841.63 | H57: 49841.63
H58: 8127101.8
B60: RN 0805 | C60: NQN 1505 | D60: RN 1505 | E60: RN 2205 | F60: RN 2905 | G60: NQN 2905
A61: Consigli | B61: 65144.71 | C61: 214961.05 | D61: 152583.41 | E61: 152583.41 | F61: 54360.2 | G61: 101709.01 | H61: 741341.79 | I61: 0.0934
A62: Etulain | B62: 65144.71 | C62: 211448.02 | D62: 152583.41 | E62: 152583.41 | F62: 27599.62 | G62: 101709.02 | H62: 711068.19 | I62: 0.0896
A63: García | B63: 65158.05 | C63: 215079.03 | D63: 152583.41 | E63: 152583.41 | F63: 54360.2 | G63: 102188.03 | H63: 741952.13 | I63: 0.0935
A64: Gioja | B64: 65144.71 | C64: 214960.48 | D64: 152583.41 | E64: 152583.41 | F64: 54360.2 | G64: 101709.04 | H64: 741341.25 | I64: 0.0934
A65: Gogorza | B65: 65144.71 | C65: 214960.97 | D65: 152583.41 | E65: 152583.41 | F65: 54360.2 | G65: 101709.05 | H65: 741341.75 | I65: 0.0934
A66: Grande | B66: 46279.8 | C66: 168284.56 | D66: 144527.62 | E66: 144527.62 | F66: 53631.28 | G66: 90895.06 | H66: 648145.94 | I66: 0.0816
A67: Gudiño | B67: 65144.71 | C67: 214960.58 | D67: 152583.41 | E67: 152583.41 | F67: 54360.2 | G67: 101709.07 | H67: 741341.38 | I67: 0.0934
A68: Harriague | B68: 65144.71 | C68: 214960.52 | D68: 152583.41 | E68: 152583.41 | F68: 54360.2 | G68: 101709.08 | H68: 741341.33 | I68: 0.0934
A69: Melo | B69: 65144.71 | C69: 214961.31 | D69: 152583.41 | E69: 152583.41 | F69: 54360.2 | G69: 101709.09 | H69: 741342.13 | I69: 0.0934
A70: Quiroga | B70: 65144.71 | C70: 214960.54 | D70: 152583.41 | E70: 152583.41 | F70: 54360.2 | G70: 101709.1 | H70: 741341.37 | I70: 0.0934
A71: Serrano | B71: 46279.8 | C71: 168285.55 | D71: 144527.62 | E71: 144527.62 | F71: 53631.28 | G71: 90895.11 | H71: 648146.98 | I71: 0.0816
H72: 7938704.2 | I72: 1
B74: RN 0506 | C74: NQN 1505 | D74: RN 1206 | E74: RN 1906 | F74: NQN 2406 | G74: RN 2606
A75: Consigli | B75: 178833.77 | C75: 117592.9 | D75: 35463.23 | E75: 133129.99 | F75: 308007.01 | G75: 174743.78 | H75: 947770.68 | I75: 0.0955
A76: Etulain | B76: 174632.33 | C76: 111813.02 | D76: 27768.18 | E76: 133129.99 | F76: 295177.02 | G76: 133368.76 | H76: 875889.3 | I76: 0.0882
A77: García | B77: 178833.77 | C77: 116693.03 | D77: 35463.23 | E77: 133129.99 | F77: 307984.03 | G77: 174743.78 | H77: 946847.83 | I77: 0.0954
A78: Gioja | B78: 178833.77 | C78: 117593.39 | D78: 35463.23 | E78: 133129.99 | F78: 308007.2 | G78: 174743.78 | H78: 947771.36 | I78: 0.0955
A79: Gogorza | B79: 178833.77 | C79: 117593.04 | D79: 35463.23 | E79: 133129.99 | F79: 308007.05 | G79: 174743.78 | H79: 947770.86 | I79: 0.0955
A80: Grande | B80: 109337.23 | C80: 108789.63 | D80: 29934.49 | E80: 124112.77 | F80: 211407.06 | G80: 151425.22 | H80: 735006.4 | I80: 0.074
A81: Gudiño | B81: 178833.77 | C81: 117593.7 | D81: 35463.23 | E81: 133129.99 | F81: 308007.02 | G81: 174743.78 | H81: 947771.49 | I81: 0.0955
A82: Harriague | B82: 178833.77 | C82: 117593.59 | D82: 35463.23 | E82: 133129.99 | F82: 308007.08 | G82: 174743.78 | H82: 947771.44 | I82: 0.0955
A83: Melo | B83: 178833.77 | C83: 117593.38 | D83: 35463.23 | E83: 133129.99 | F83: 308007.09 | G83: 174743.78 | H83: 947771.24 | I83: 0.0955
A84: Quiroga | B84: 178833.77 | C84: 117593.61 | D84: 35463.23 | E84: 133129.99 | F84: 308007.1 | G84: 174743.78 | H84: 947771.48 | I84: 0.0955
A85: Serrano | B85: 109337.23 | C85: 108789.82 | D85: 29934.49 | E85: 124112.77 | F85: 211407.21 | G85: 151425.22 | H85: 735006.74 | I85: 0.074
H86: 9927148.8
B88: RN 0307 | C88: NQN 0307 | D88: RN 1706 | E88: NQN 1707 | F88: NQN 1807 | G88: RN 2407 | H88: NQN 3107 | I88: RN 3107
A89: Consigli | B89: 31711.84 | C89: 102698.61 | D89: 366185.36 | E89: 259266.03 | F89: 129325.01 | G89: 78199.01 | H89: 10490.01 | I89: 84667.37 | J89: 1062543.2 | K89: 0.0949
A90: Etulain | B90: 28013.96 | C90: 100694.02 | D90: 309250.21 | E90: 226696.69 | F90: 115238.02 | G90: 19975.11 | H90: -6063.98 | I90: 9212.88 | J90: 803016.91 | K90: 0.0717
A91: García | B91: 31711.84 | C91: 102700.03 | D91: 366185.36 | E91: 259273.03 | F91: 129325.03 | G91: 78199.01 | H91: 10539.03 | I91: 84667.37 | J91: 1062600.7 | K91: 0.0949
A92: Gioja | B92: 31711.84 | C92: 102698.04 | D92: 366185.36 | E92: 259266.12 | F92: 129325.04 | G92: 78199.01 | H92: 10490.04 | I92: 84667.37 | J92: 1062542.8 | K92: 0.0949
A93: Gogorza | B93: 31711.84 | C93: 102698.65 | D93: 366185.36 | E93: 259265.61 | F93: 129325.05 | G93: 78199.01 | H93: 10490.05 | I93: 84667.37 | J93: 1062542.9 | K93: 0.0949
A94: Grande | B94: 26113.57 | C94: 93735.66 | D94: 347399.53 | E94: 190229.2 | F94: 109908.06 | G94: 78199.01 | H94: 17973.06 | I94: 84255.76 | J94: 947813.85 | K94: 0.0846
A95: Gudiño | B95: 31711.84 | C95: 102698.67 | D95: 366185.36 | E95: 259266.22 | F95: 129325.07 | G95: 78199.01 | H95: 10490.07 | I95: 84667.37 | J95: 1062543.6 | K95: 0.0949
A96: Harriague | B96: 31711.84 | C96: 102698.68 | D96: 366185.36 | E96: 259266.16 | F96: 129325.08 | G96: 78199.01 | H96: 10490.08 | I96: 84667.37 | J96: 1062543.6 | K96: 0.0949
A97: Melo | B97: 31711.84 | C97: 102698.69 | D97: 366185.36 | E97: 259265.95 | F97: 129325.09 | G97: 78199.01 | H97: 10490.09 | I97: 84667.37 | J97: 1062543.4 | K97: 0.0949
A98: Quiroga | B98: 31711.84 | C98: 102698.7 | D98: 366185.36 | E98: 259266.18 | F98: 129325.1 | G98: 78199.01 | H98: 10490.1 | I98: 84667.37 | J98: 1062543.7 | K98: 0.0949
A99: Serrano | B99: 26113.57 | C99: 93735.71 | D99: 347399.53 | E99: 190229.49 | F99: 109908.11 | G99: 78199.01 | H99: 17973.11 | I99: 84255.76 | J99: 947814.29 | K99: 0.0846
I100: 11199049
B102: RN 0708 | C102: NQN 0708 | D102: RN 1408 | E102: RN 2108 | F102: RN 2808 | G102: NQN 3108
A103: Consigli | B103: 9459 | C103: 365590.99 | D103: 281450.56 | E103: 100864.23 | F103: 103723.22 | G103: 507447.01 | H103: 1368535 | I103: 0.0947
A104: Etulain | B104: 5257.7 | C104: 289331.56 | D104: 219412.22 | E104: 1141.18 | F104: 3294.64 | G104: 511041.02 | H104: 1029478.3 | I104: 0.0712
A105: García | B105: 9459 | C105: 362791.53 | D105: 281450.56 | E105: 100864.23 | F105: 103723.22 | G105: 507445.03 | H105: 1365733.6 | I105: 0.0945
A106: Gioja | B106: 9459 | C106: 365591.06 | D106: 281450.56 | E106: 100864.23 | F106: 103723.22 | G106: 507447.04 | H106: 1368535.1 | I106: 0.0947
...

Sheet 2019
B1: NQN 2901 | C1: NQN 1701 | D1: RN 3001 | E1: RN 1701 | I1: Promedio ingresos | J1: Porcentajes | N1: Promedio en porcentajes 3 ultimos meses 1 full mas (con el ingreso de los dos como full) | T1: Promedio en porcentajes 3 ultimos meses todos como full
A2: Consigli | B2: 14178.01 | C2: 238694.01 | D2: 103958.01 | E2: 317338.25 | F2: 674168.28 | G2: 0.1144 | I2: Consigli | J2: 0.098 | K2: 937413.73 | N2: Consigli | O2: 0.0893 | P2: 853716.07 | Q2: 83697.65 | T2: Consigli | U2: 0.0833 | V2: 796801.67 | W2: 140612.06
A3: Etulain | B3: -29.98 | C3: -10.98 | D3: 0 | E3: 0 | F3: -40.96 | G3: 0 | I3: Etulain | J3: 0.098 | K3: 937413.73 | N3: Alan | O3: 0.0893 | P3: 853716.07 | Q3: 83697.65 | T3: Alan | U3: 0.0833 | V3: 796801.67 | W3: 140612.06
A4: Gioja | B4: 14178.03 | C4: 238694.03 | D4: 103958.01 | E4: 317338.25 | F4: 674168.32 | G4: 0.1144 | I4: Gioja | J4: 0.098 | K4: 937413.73 | N4: Gioja | O4: 0.0893 | P4: 853716.07 | Q4: 83697.65 | T4: Gioja | U4: 0.0833 | V4: 796801.67 | W4: 140612.06
A5: Gogorza | B5: 14178.04 | C5: 238694.04 | D5: 103958.01 | E5: 317338.25 | F5: 674168.34 | G5: 0.1144 | I5: Gogorza | J5: 0.098 | K5: 937413.73 | N5: Gogorza | O5: 0.0893 | P5: 853716.07 | Q5: 83697.65 | T5: Gogorza | U5: 0.0833 | V5: 796801.67 | W5: 140612.06
A6: Grande | B6: 10049.05 | C6: 161627.05 | D6: 62375.92 | E6: 190392.33 | F6: 424444.35 | G6: 0.072 | I6: Grande | J6: 0.0588 | K6: 562448.24 | N6: Grande | O6: 0.0536 | P6: 512229.64 | Q6: 50218.59 | T6: Grande | U6: 0.0833 | V6: 796801.67 | W6: -234353.43
A7: Gudiño | B7: 14178.06 | C7: 238694.06 | D7: 103958.01 | E7: 317338.25 | F7: 674168.38 | G7: 0.1144 | I7: Gudiño | J7: 0.098 | K7: 937413.73 | N7: Gudiño | O7: 0.0893 | P7: 853716.07 | Q7: 83697.65 | T7: Gudiño | U7: 0.0833 | V7: 796801.67 | W7: 140612.06
A8: Harriague | B8: 14178.07 | C8: 238694.07 | D8: 103958.01 | E8: 317338.25 | F8: 674168.4 | G8: 0.1144 | I8: Harriague | J8: 0.098 | K8: 937413.73 | N8: Harriague | O8: 0.0893 | P8: 853716.07 | Q8: 83697.65 | T8: Harriague | U8: 0.0833 | V8: 796801.67 | W8: 140612.06
A9: Melo | B9: 14178.08 | C9: 238694.08 | D9: 103958.01 | E9: 317338.25 | F9: 674168.42 | G9: 0.1144 | I9: Melo | J9: 0.098 | K9: 937413.73 | N9: Melo | O9: 0.0893 | P9: 853716.07 | Q9: 83697.65 | T9: Melo | U9: 0.0833 | V9: 796801.67 | W9: 140612.06
A10: Moscuzza | B10: 4591.09 | C10: 90950.09 | D10: 57405.01 | E10: 77865.02 | F10: 230811.21 | G10: 0.0392 | I10: Quiroga | J10: 0.098 | K10: 937413.73 | N10: Quiroga | O10: 0.0893 | P10: 853716.07 | Q10: 83697.65 | T10: Quiroga | U10: 0.0833 | V10: 796801.67 | W10: 140612.06
A11: Quiroga | B11: 14178.1 | C11: 238694.1 | D11: 103958.01 | E11: 317338.25 | F11: 674168.46 | G11: 0.1144 | I11: Serrano | J11: 0.0588 | K11: 562448.24 | N11: Serrano | O11: 0.0536 | P11: 512229.64 | Q11: 50218.59 | T11: Serrano | U11: 0.0833 | V11: 796801.67 | W11: -234353.43
A12: Serrano | B12: 11133.11 | C12: 178071.11 | D12: 65690.81 | E12: 265432.04 | F12: 520327.07 | G12: 0.0883 | I12: Garcia | J12: 0.098 | K12: 937413.73 | N12: Garcia | O12: 0.0893 | P12: 853716.07 | Q12: 83697.65 | T12: Garcia | U12: 0.0833 | V12: 796801.67 | W12: 140612.06
B13: 124989.66 | C13: 2101495.7 | D13: 913177.81 | E13: 2755057.1 | F13: 5894720.3 | G13: 1 | J13: 1 | K13: 9561620 | L13: 86054580 | N13: Ezequiel | O13: 0.0893 | P13: 853716.07 | T13: Ezequiel | U13: 0.0833 | V13: 796801.67
O14: 1 | P14: 9561620 | U14: 1 | V14: 9561620
B15: NQN 2902 | C15: NQN 1402 | D15: RN 2602 | E15: RN 0802
A16: Consigli | B16: 74265.01 | C16: 240914.01 | D16: 285304.08 | E16: 173551.21 | F16: 774034.31 | G16: 0.1124 | I16: 1 | J16: 2 | K16: 3 | L16: 4 | M16: 5 | N16: 6 | O16: 7
A17: Etulain | B17: 24514.02 | C17: 1.02 | D17: 154818.88 | E17: 37671.385 | F17: 217005.31 | G17: 0.0315 | H17: Justi | I17: 0 | J17: 0 | K17: 0.0315 | L17: 0.0563 | M17: 0.0688 | N17: 0.0986 | O17: 0.1079
A18: Gioja | B18: 74265.03 | C18: 240914.03 | D18: 285304.08 | E18: 173551.21 | F18: 774034.35 | G18: 0.1124 | H18: Lean | I18: 0 | J18: 0 | K18: 0.0149 | L18: 0.0357 | M18: 0.0674
A19: Gogorza | B19: 74265.04 | C19: 240914.04 | D19: 285304.08 | E19: 173551.21 | F19: 774034.37 | G19: 0.1124
A20: Grande | B20: 43939.05 | C20: 148313.05 | D20: 171155.45 | E20: 104126.18 | F20: 467533.73 | G20: 0.0679
A21: Gudiño | B21: 74265.06 | C21: 240914.06 | D21: 285304.08 | E21: 173551.21 | F21: 774034.41 | G21: 0.1124
A22: Harriague | B22: 74265.07 | C22: 240914.07 | D22: 285304.08 | E22: 173551.21 | F22: 774034.43 | G22: 0.1124
A23: Melo | B23: 74265.08 | C23: 240914.08 | D23: 285304.08 | E23: 173551.21 | F23: 774034.45 | G23: 0.1124
A24: Moscuzza | B24: 35239.09 | C24: 97727.09 | D24: 72708.32 | E24: 81530.285 | F24: 287204.78 | G24: 0.0417
A25: Quiroga | B25: 74265.1 | C25: 240914.1 | D25: 285304.08 | E25: 173551.21 | F25: 774034.49 | G25: 0.1124
A26: Serrano | B26: 40952.11 | C26: 175766.11 | D26: 174879.38 | E26: 104126.18 | F26: 495723.78 | G26: 0.072
B27: 664499.66 | C27: 2108205.7 | D27: 2570690.6 | E27: 1542312.5 | F27: 6885708.4 | G27: 1
B29: NQN 2903 | C29: NQN 2003 | D29: RN 2903 | E29: RN 1503
A30: Consigli | B30: 142558.01 | C30: 159986.35 | D30: 392671.46 | E30: 117325.7 | F30: 812541.51 | G30: 0.1116
A31: Etulain | B31: 77712.43 | C31: 67350.02 | D31: 223131.82 | E31: 42161.544 | F31: 410355.82 | G31: 0.0563
A32: Gioja | B32: 142558.03 | C32: 159986.03 | D32: 392671.46 | E32: 117325.7 | F32: 812541.21 | G32: 0.1116
A33: Gogorza | B33: 130743.04 | C33: 159748.63 | D33: 392671.46 | E33: 117325.7 | F33: 800488.82 | G33: 0.1099
A34: Grande | B34: 92307.05 | C34: 98869.05 | D34: 235564.48 | E34: 70388.672 | F34: 497129.26 | G34: 0.0683
A35: Gudiño | B35: 142558.06 | C35: 159986.06 | D35: 392671.46 | E35: 117325.7 | F35: 812541.27 | G35: 0.1116
A36: Harriague | B36: 130743.07 | C36: 159986.07 | D36: 392671.46 | E36: 117325.7 | F36: 800726.29 | G36: 0.1099
A37: Melo | B37: 142558.08 | C37: 159986.08 | D37: 392671.46 | E37: 117325.7 | F37: 812541.31 | G37: 0.1116
A38: Moscuzza | B38: 31632.09 | C38: 50875.09 | D38: 99518.619 | E38: 42931.882 | F38: 224957.68 | G38: 0.0309
A39: Quiroga | B39: 130743.1 | C39: 159986.1 | D39: 392671.46 | E39: 117325.7 | F39: 800726.35 | G39: 0.1099
A40: Serrano | B40: 90388.11 | C40: 99135.11 | D40: 237036.79 | E40: 71834.168 | F40: 498394.18 | G40: 0.0684
B41: 1254501.1 | C41: 1435894.6 | D41: 3543951.9 | E41: 1048596.2 | F41: 7282943.7
B43: NQN 0205 | C43: NQN 1804 | D43: RN 2604 | E43: RN 1204
A44: Consigli | B44: 76244.35 | C44: 153900.01 | D44: 349807.69 | E44: 49573.339 | F44: 629525.39 | G44: 0.1105
A45: Etulain | B45: 93454.02 | C45: 78302.02 | D45: 173989.58 | E45: 46305.13 | F45: 392050.75 | G45: 0.0688
A46: Gioja | B46: 75934.03 | C46: 153900.03 | D46: 349807.69 | E46: 49573.339 | F46: 629215.09 | G46: 0.1105
A47: Gogorza | B47: 76427.04 | C47: 153979.04 | D47: 349807.69 | E47: 49573.339 | F47: 629787.11 | G47: 0.1106
A48: Grande | B48: 42470.05 | C48: 89152.05 | D48: 209855.7 | E48: 29735.541 | F48: 371213.34 | G48: 0.0652
A49: Gudiño | B49: 75934.06 | C49: 153900.06 | D49: 349807.69 | E49: 49573.339 | F49: 629215.15 | G49: 0.1105
A50: Harriague | B50: 76418.07 | C50: 153978.07 | D50: 349807.69 | E50: 49573.339 | F50: 629777.17 | G50: 0.1106
A51: Melo | B51: 75934.08 | C51: 153900.08 | D51: 349807.69 | E51: 49573.339 | F51: 629215.19 | G51: 0.1105
A52: Moscuzza | B52: -2274.91 | C52: 51152.09 | D52: 105493.96 | E52: 1960.9829 | F52: 156332.12 | G52: 0.0274
A53: Quiroga | B53: 76418.1 | C53: 153978.1 | D53: 349807.69 | E53: 49573.339 | F53: 629777.23 | G53: 0.1106
A54: Serrano | B54: 40306.11 | C54: 90186.11 | D54: 209855.7 | E54: 29735.541 | F54: 370083.46 | G54: 0.065
A55: Materiales | B55: 37017.44 | C55: 70272.42 | F55: 107289.86
B56: 707265 | C56: 1386327.7 | D56: 3147848.8 | E56: 454750.57 | F56: 5696192 | G56: 1
B58: NQN 3005 | C58: NQN 2105 | D58: RN 3105 | E58: RN 1705
A59: Consigli | B59: 69121.01 | C59: 249982.01 | D59: 61891.652 | E59: 194667.83 | F59: 575662.5 | G59: 0.1093
A60: Etulain | B60: 74310.02 | C60: 157710.02 | D60: 61891.652 | E60: 194667.83 | F60: 488579.52 | G60: 0.0928
A61: Gioja | B61: 69130.03 | C61: 249983.03 | D61: 61891.652 | E61: 194667.83 | F61: 575672.54 | G61: 0.1093
A62: Gogorza | B62: 69113.04 | C62: 249980.04 | D62: 61891.652 | E62: 194667.83 | F62: 575652.56 | G62: 0.1093
A63: Grande | B63: 41664.05 | C63: 151688.05 | D63: 37123.603 | E63: 116764.88 | F63: 347240.58 | G63: 0.0659
A64: Gudiño | B64: 69130.06 | C64: 249983.06 | D64: 61891.652 | E64: 194667.83 | F64: 575672.6 | G64: 0.1093
A65: Harriague | B65: 69113.07 | C65: 249980.07 | D65: 61891.652 | E65: 194667.83 | F65: 575652.62 | G65: 0.1093
A66: Melo | B66: 69130.08 | C66: 249983.08 | D66: 61891.652 | E66: 194667.83 | F66: 575672.64 | G66: 0.1093
A67: Moscuzza | B67: -3313.91 | C67: 57291.09 | D67: 0 | E67: 0 | F67: 53977.18 | G67: 0.0103
A68: Quiroga | B68: 69113.1 | C68: 249980.1 | D68: 37123.603 | E68: 194667.83 | F68: 550884.63 | G68: 0.1046
A69: Serrano | B69: 41697.11 | C69: 150711.11 | D69: 61891.652 | E69: 116764.88 | F69: 371064.75 | G69: 0.0705
A70: Materiales | B70: 33764.23 | C70: 116314.74 | F70: 150078.97
B71: 671971.89 | C71: 2383586.4 | D71: 569380.42 | E71: 1790872.4 | F71: 5415811.1 | G71: 1
B73: NQN 2806 | C73: NQN 2106 | D73: RN 2706 | E73: RN 1406
A74: Consigli | B74: 272191.01 | C74: 103150.01 | D74: 267379.72 | E74: 159393.23 | F74: 802113.97 | G74: 0.1091
A75: Etulain | B75: 230157.02 | C75: 67469.02 | D75: 267379.72 | E75: 159393.23 | F75: 724398.99 | G75: 0.0986
A76: Gioja | B76: 272203.03 | C76: 103156.03 | D76: 267379.72 | E76: 159393.23 | F76: 802132.01 | G76: 0.1091
A77: Gogorza | B77: 270303.04 | C77: 103146.04 | D77: 267379.72 | E77: 159393.23 | F77: 800222.03 | G77: 0.1089
A78: Grande | B78: 164317.05 | C78: 64316.05 | D78: 160378.64 | E78: 95606.61 | F78: 484618.35 | G78: 0.0659
A79: Gudiño | B79: 272203.06 | C79: 103156.06 | D79: 267379.72 | E79: 159393.23 | F79: 802132.07 | G79: 0.1091
A80: Harriague | B80: 272181.07 | C80: 103146.07 | D80: 267379.72 | E80: 159393.23 | F80: 802100.09 | G80: 0.1091
A81: Melo | B81: 272203.08 | C81: 103156.08 | D81: 267379.72 | E81: 159393.23 | F81: 802132.11 | G81: 0.1091
A82: Moscuzza | B82: 26717.09 | C82: 11681.09 | D82: 0 | E82: 0 | F82: 38398.18 | G82: 0.0052
A83: Quiroga | B83: 272181.1 | C83: 103146.1 | D83: 267379.72 | E83: 159393.23 | F83: 802100.15 | G83: 0.1091
A84: Serrano | B84: 164360.11 | C84: 68790.11 | D84: 160378.64 | E84: 95606.61 | F84: 489135.47 | G84: 0.0666
A85: Materiales | B85: 129594.67 | C85: 48559.535 | F85: 178154.21
B86: 2618611.3 | C86: 982872.19 | D86: 2459795.1 | E86: 1466359 | F86: 7527637.6
B88: NQN | C88: NQN 1907 | D88: RN 2607 | E88: RN 1907
A89: Consigli | B89: 281798.9 | C89: 124396.01 | D89: 187327.77 | E89: 316365.68 | F89: 909888.36 | G89: 0.1087
A90: Etulain | B90: 271451.39 | C90: 128100.02 | D90: 187327.77 | E90: 316365.68 | F90: 903244.86 | G90: 0.1079
A91: Gioja | B91: 281798.89 | C91: 124414.03 | D91: 187327.77 | E91: 316365.68 | F91: 909906.37 | G91: 0.1087
A92: Gogorza | B92: 281800.17 | C92: 124381.04 | D92: 187327.77 | E92: 316365.68 | F92: 909874.66 | G92: 0.1087
A93: Grande | B93: 169077.28 | C93: 76284.05 | D93: 112362.2 | E93: 189761.2 | F93: 547484.73 | G93: 0.0654
A94: Gudiño | B94: 281798.89 | C94: 124414.06 | D94: 187327.77 | E94: 316365.68 | F94: 909906.4 | G94: 0.1087
A95: Harriague | B95: 281798.91 | C95: 124382.07 | D95: 187327.77 | E95: 316365.68 | F95: 909874.43 | G95: 0.1087
A96: Melo | B96: 281798.89 | C96: 124414.08 | D96: 187327.77 | E96: 316365.68 | F96: 909906.42 | G96: 0.1087
A97: Moscuzza | B97: 6568.36 | C97: -1773.91 | D97: 0 | E97: 0 | F97: 4794.45 | G97: 0.0006
A98: Quiroga | B98: 281798.91 | C98: 124382.1 | D98: 187327.77 | E98: 316365.68 | F98: 909874.46 | G98: 0.1087
A99: Serrano | B99: 169074.25 | C99: 76349.11 | D99: 112362.2 | E99: 189761.2 | F99: 547546.76 | G99: 0.0654
A100: Materiales | B100: 114208.04 | C100: 60606.17 | F100: 174814.21
B101: 2702972.9 | C101: 1210348.8 | D101: 1723346.6 | E101: 2910447.8 | F101: 8547116.1
B103: NQN 2 | C103: NQN 1 | D103: RN 2 | E103: RN 1
A104: Consigli | B104: 117742.01 | C104: 109484.42 | D104: 185194.16 | E104: 370756.3 | F104: 783176.89 | G104: 0.1079 | N104: 370756.3
A105: Etulain | B105: 119357.02 | C105: 98748.84 | D105: 183561.27 | E105: 370756.3 | F105: 772423.43 | G105: 0.1064 | N105: 370756.3
A106: García | B106: 0 | C106: 0 | D106: 0 | E106: 0 | F106: 0 | G106: 0
...

Sheet 2018
B1: Enero | C1: Febrero | D1: Marzo | E1: Abril | F1: Mayo | G1: Junio | H1: Julio | I1: Agosto | J1: Septiembre | K1: Octubre | L1: Noviembre | M1: Diciembre | P1: Promedio anual | Q1: Porcentaje
A2: Ingresos RN | B2: 2310252.3 | C2: 2205479.3 | D2: 2628427.2 | E2: 3118996.1 | F2: 2368591.1 | G2: 2376920.2 | H2: 2757663.6 | I2: 2999569.6 | J2: 4053697.7 | K2: 2249418.9 | L2: 4368524.3 | M2: 3613709.8 | O2: Ingresos RN | P2: =SUM(C2:M2)/COUNT(C2:M2) -> 2976454.4 | Q2: =P2/P$4 -> 0.66477511
A3: Ingresos NQN | B3: 1207582 | C3: 1308594 | D3: 1090184 | E3: 1512403 | F3: 1465753.1 | G3: 1019743.2 | H3: 954886.46 | I3: 1996238.9 | J3: 1530914.9 | K3: 1817602.8 | L3: 1317847 | M3: 2496074.2 | O3: Ingresos NQN | P3: =SUM(C3:M3)/COUNT(C3:M3) -> 1500931 | Q3: =P3/P$4 -> 0.33522489
A4: Ingresos Totales | B4: =SUM(B2:B3) -> 3517834.3 | C4: =SUM(C2:C3) -> 3514073.3 | D4: =SUM(D2:D3) -> 3718611.2 | E4: =SUM(E2:E3) -> 4631399.1 | F4: =SUM(F2:F3) -> 3834344.2 | G4: =SUM(G2:G3) -> 3396663.4 | H4: =SUM(H2:H3) -> 3712550 | I4: =SUM(I2:I3) -> 4995808.5 | ... M4: =SUM(M2:M3) -> 6109784 | P4: =SUM(P2:P3) -> 4477385.4
B5: =B3/B4 -> 0.34327427 | C5: =C3/C4 -> 0.37238665 | D5: =D3/D4 -> 0.29316966 | E5: =E3/E4 -> 0.32655424 | F5: =F3/F4 -> 0.38226957 | G5: =G3/G4 -> 0.30021908 | H5: =H3/H4 -> 0.25720501 | I5: =I3/I4 -> 0.39958275 | ... M5: =M3/M4 -> 0.40853723
B7: Enero | C7: Febrero | D7: Marzo | E7: Abril | F7: Mayo | G7: Junio | H7: Julio | I7: Agosto | J7: Septiembre | K7: Octubre | L7: Noviembre | M7: Diciembre | P7: Promedio Anual
A8: Consigli | B8: 485115.55 | C8: 455150.82 | D8: 463443.29 | E8: 549623.99 | F8: 445374.58 | G8: 382471.57 | H8: 445938.19 | I8: 563004.21 | J8: 633930.33 | K8: 458023.35 | L8: 649023 | M8: 694679.27 | N8: =M8/$M$19 -> 0.11367457 | P8: =SUM(C8:M8)/COUNT(C8:M8) -> 521878.42
A9: Gudiño | B9: 485115.55 | C9: 455150.82 | D9: 463443.29 | E9: 549623.99 | F9: 445374.58 | G9: 382471.59 | H9: 445938.19 | I9: 563004.23 | J9: 633930.35 | K9: 458023.37 | L9: 649023 | M9: 694679.33 | N9: =M9/$M$19 -> 0.11367458 | P9: =SUM(C9:M9)/COUNT(C9:M9) -> 521878.43
A10: Gioja | B10: 484925.55 | C10: 455171.82 | D10: 463291.29 | E10: 549623.99 | F10: 445374.58 | G10: 382471.61 | H10: 445938.19 | I10: 563004.25 | J10: 633930.37 | K10: 458023.37 | L10: 649023 | M10: 694681.31 | N10: =M10/$M$19 -> 0.1136749 | P10: =SUM(C10:M10)/COUNT(C10:M10) -> 521866.71
A11: Grande | B11: 483217.55 | C11: 455253.82 | D11: 463121.29 | E11: 549643.99 | F11: 441360.64 | G11: 382859.63 | H11: 445832.26 | I11: 512723.05 | J11: 513416.34 | K11: 402566.35 | L11: 495609 | M11: 474596.45 | N11: =M11/$M$19 -> 0.077661087 | P11: =SUM(C11:M11)/COUNT(C11:M11) -> 466998.44
A12: Serrano | B12: 481969.55 | C12: 455336.82 | D12: 462741.29 | E12: 549662.99 | F12: 445374.58 | G12: 382471.61 | H12: 445938.19 | I12: 563004.29 | J12: 633930.43 | K12: 458023.37 | L12: 621893 | M12: 537819.06 | N12: =M12/$M$19 -> 0.088006584 | P12: =SUM(C12:M12)/COUNT(C12:M12) -> 505108.69
A13: Melo | B13: 481969.55 | C13: 455336.82 | D13: 461217.29 | E13: 549739.99 | F13: 445374.58 | G13: 382471.61 | H13: 445938.19 | I13: 563004.31 | J13: 633930.43 | K13: 458023.37 | L13: 649023 | M13: 694679.39 | N13: =M13/$M$19 -> 0.11367459 | P13: =SUM(C13:M13)/COUNT(C13:M13) -> 521703.54
A14: Harriague | B14: 307760.48 | C14: 391336.21 | D14: 443459.51 | E14: 540411.1 | F14: 426232.47 | G14: 382842.63 | H14: 440484.22 | I14: 557763.33 | J14: 634224.45 | K14: 458076.49 | L14: 647263 | M14: 694758.39 | N14: =M14/$M$19 -> 0.11368752 | P14: =SUM(C14:M14)/COUNT(C14:M14) -> 510622.89
A15: Quiroga | B15: 307760.48 | C15: 391336.21 | D15: 443459.51 | E15: 540411.1 | F15: 426232.47 | G15: 382842.63 | H15: 440484.22 | I15: 557763.35 | J15: 634224.47 | K15: 458076.49 | L15: 647263 | M15: 694758.43 | N15: =M15/$M$19 -> 0.11368752 | P15: =SUM(C15:M15)/COUNT(C15:M15) -> 510622.9
A16: Gogorza | B16: 0 | C16: 0 | D16: 54434.48 | E16: 252657.92 | F16: 313645.77 | G16: 335760.5 | H16: 435360.4 | I16: 552537.48 | J16: 633095.49 | K16: 458185.51 | L16: 637555 | M16: 694645.38 | N16: =M16/$M$19 -> 0.11366902 | P16: =SUM(C16:M16)/COUNT(C16:M16) -> 397079.81
A17: Moscuzza | B17: 0 | C17: 0 | D17: 0 | E17: 0 | F17: 0 | G17: 0 | H17: 0 | I17: 0 | J17: 0 | K17: 0 | L17: 40697.18 | M17: 234486.94 | N17: =M17/$M$19 -> 0.038370516 | P17: =SUM(C17:M17)/COUNT(C17:M17) -> 25016.738
A18: Etulain | B18: 0 | C18: 0 | D18: 0 | E18: 0 | F18: 0 | G18: 0 | H18: 0 | I18: 0 | J18: 0 | K18: 0 | L18: 0 | M18: 1339.02 | N18: =M18/$M$19 -> 0.00021911194 | P18: =SUM(C18:M18)/COUNT(C18:M18) -> 121.72909
M19: =SUM(M8:M18) -> 6111123
A20: Diciembre
B21: RN | C21: NQN | D21: Total
A22: CONSIGLI ROBERTO CARLOS | B22: 410216.25 | C22: 284463.02 | D22: 694679.27 | E22: 0.1137
A23: GIOJA MARIO ERNESTO | B23: 410216.25 | C23: 284465.06 | D23: 694681.31 | E23: 0.1137
A24: GOGORZA NICOLAS | B24: 410216.25 | C24: 284429.13 | D24: 694645.38 | E24: 0.1137
A25: GRANDE NADIA | B25: 287825.36 | C25: 186771.09 | D25: 474596.45 | E25: 0.0777
A26: GUDIÑO GABRIELA | B26: 410216.25 | C26: 284463.08 | D26: 694679.33 | E26: 0.1137
A27: HARRIAGUE LUCIA | B27: 410216.25 | C27: 284542.14 | D27: 694758.39 | E27: 0.1137
A28: MOSCUZZA | B28: 132443.75 | C28: 102043.19 | D28: 234486.94 | E28: 0.0384
A29: MELO MAURO | B29: 410216.25 | C29: 284463.14 | D29: 694679.39 | E29: 0.1137
A30: QUIROGA MARTIN | B30: 410216.25 | C30: 284542.18 | D30: 694758.43 | E30: 0.1137
A31: SERRANO GAMARRA JUAN | B31: 321926.9 | C31: 215892.16 | D31: 537819.06 | E31: 0.088
A32: ETULAIN JUSTINA | B32: 0 | C32: 1339.02 | D32: 1339.02 | E32: 0.0002
B33: 3613709.8 | C33: 2497413.2 | D33: 6111123 | E33: 1

Sheet 2017
A1: Octubre | F1: Noviembre | L1: Febrero | M1: Marzo | N1: Abril | O1: Mayo | P1: Junio
A2: Socio | B2: RN | C2: NQN | D2: Total | F2: Socio | G2: RN | H2: NQN | I2: Total | K2: Ingresos RN | L2: =B119 -> 2189096.5 | M2: =B106 -> 1785034.8 | N2: =B93 -> 1668385.6 | O2: =B79 -> 1817988.9 | P2: =B67 -> 1878317.8
A3: Consigli | B3: 369765.17 | C3: 163124 | D3: 532889.17 | F3: Consigli | G3: 330384.75 | H3: 171902 | I3: 502286.75 | K3: Ingresos NQN | L3: =C119 -> 731706 | M3: =C106 -> 401281.95 | N3: =C93 -> 956672.45 | O3: =C79 -> 445519.64 | P3: =C67 -> 709755.23
A4: Gudiño | B4: 369765.17 | C4: 163124 | D4: 532889.17 | F4: Gudiño | G4: 330384.75 | H4: 171902 | I4: 502286.75 | K4: Ingresos Totales | L4: =SUM(L2:L3) -> 2920802.5 | M4: =SUM(M2:M3) -> 2186316.8 | N4: =SUM(N2:N3) -> 2625058.1 | O4: =SUM(O2:O3) -> 2263508.5 | P4: =SUM(P2:P3) -> 2588073.1
A5: Gioja | B5: 369765.17 | C5: 163136 | D5: 532901.17 | F5: Gioja | G5: 330384.75 | H5: 171902 | I5: 502286.75
A6: Grande | B6: 358217.8 | C6: 143044 | D6: 501261.8 | F6: Grande | G6: 309837.17 | H6: 172477 | I6: 482314.17
A7: Schwartzmann | B7: 0 | D7: 0 | F7: Schwartzmann | G7: 0 | H7: 0 | I7: 0 | L7: Febrero | M7: Marzo | N7: Abril | O7: Mayo | P7: Junio
A8: Castro | B8: 0 | C8: 2862 | D8: 2862 | F8: Castro | G8: 0 | H8: 0 | I8: 0 | K8: Consigli | L8: =D109 -> 432345 | M8: =D96 -> 310932.39 | N8: =D83 -> 415861.46 | O8: =D70 -> 400736.62 | P8: =D57 -> 479821.19
A9: Epherra | B9: 0 | D9: 0 | F9: Epherra | G9: 0 | H9: 0 | I9: 0 | K9: Gudiño | L9: =D110 -> 431110 | M9: =D99 -> 309452.38 | N9: =D86 -> 409855.1 | O9: =D73 -> 400957.13 | P9: =D60 -> 479687.06
A10: Serrano | B10: 369765.17 | C10: 163279 | D10: 533044.17 | F10: Serrano | G10: 330384.75 | H10: 171902 | I10: 502286.75 | K10: Gioja | L10: =D111 -> 406294 | M10: =D97 -> 298882.15 | N10: =D84 -> 408011.27 | O10: =D71 -> 400675.6 | P10: =D58 -> 478546.25
A11: Materiales | D11: 0 | F11: Materiales | G11: 0 | H11: 0 | I11: 0 | K11: Grande | L11: =D112 -> 376654 | M11: =D98 -> 286347.48 | N11: =D72 -> 243915.94 | O11: =D72 -> 243915.94 | P11: =D59 -> 129680.91
A12: Melo | B12: 369765.17 | C12: 163347 | D12: 533112.17 | F12: Melo | G12: 330384.75 | H12: 171902 | I12: 502286.75 | K12: Serrano | L12: =D116 -> 271019 | M12: =D103 -> 251627.41 | N12: =D90 -> 380388.19 | O12: =D76 -> 399006.02 | P12: =D64 -> 462359.31
A13: Harriague | B13: 0 | C13: 63 | D13: 63 | F13: Harriague | G13: 45424.06 | H13: 14940 | I13: 60364.06 | K13: Melo | L13: =D118 -> 48674 | M13: =D104 -> 70101.09 | N13: =D91 -> 304412.88 | O13: =D77 -> 399747.77 | P13: =D65 -> 459370.33
A14: Quiroga | B14: 0 | C14: 63 | F14: Quiroga | G14: 45424.06 | H14: 14940 | I14: 60364.06 | K14: Harriague | L14: 0 | M14: 0 | N14: 0 | O14: 0 | P14: 0
B15: =SUM(B3:B14) -> 2207043.6 | C15: =SUM(C3:C14) -> 962042 | D15: =SUM(D3:D14) -> 3169022.6 | F15: Gogorza | G15: 0 | H15: 0 | I15: 0 | K15: Quiroga | L15: 0 | M15: 0 | N15: 0 | O15: 0 | P15: 0
G16: 2052609 | H16: 1061867 | I16: $3,114,476.04 | K16: Schwartzmann | L16: =D113 -> 308477 | M16: =D100 -> 215113.82 | N16: =D87 -> 15718.89 | O16: =0 -> 0 | P16: =D61 -> 15497.54
A17: Septiembre | F17: Diciembre | K17: Castro | L17: =D114 -> 376092 | M17: =D102 -> 227152.43 | N17: =D89 -> 122011.87 | O17: =D75 -> 15293.65 | P17: =D63 -> 68036
B18: RN | C18: NQN | D18: TOTAL | F18: Socio | G18: RN | H18: NQN | I18: Total | K18: Epherra | L18: =D115 -> 253465 | M18: =D101 -> 196727.51 | N18: =D88 -> 87561.46 | O18: =D74 -> 1676.44 | P18: =D62 -> 13659.07
A19: CONSIGLI ROBERTO | B19: 373,137.11 | C19: 89601 | D19: 462737.83 | F19: Consigli | G19: $503,000.79 | H19: 105292 | I19: 608292.79 | K19: Materiales | L19: =D117 -> 16672 | M19: =D105 -> 19980.1 | N19: =D92 -> 81085.93 | O19: =D78 -> 1499.01 | P19: =D66 -> 1415.62
A20: GIOJA MARIO ERNESTO | B20: 373,137.11 | C20: 88761 | D20: 461897.64 | F20: Gudiño | G20: $503,000.79 | H20: 105292 | I20: 608292.79
A21: GRANDE NADIA | B21: 216,391.59 | C21: 67083 | D21: 283474.91 | F21: Gioja | G21: $503,000.79 | H21: 105292 | I21: 608292.79
A22: GUDIÑO GABRIELA | B22: 373,137.11 | C22: 89600 | D22: 462737.56 | F22: Grande | G22: $501,737.29 | H22: 106214 | I22: 607951.29
A23: CASTRO MARIA FERNANDA | B23: 1,812.20 | C23: 15444 | D23: 17256.14 | F23: Schwartzmann | G23: 0 | H23: 0 | I23: 0
A24: MELO MAURO | B24: 373,137.11 | C24: 76076 | D24: 449212.64 | F24: Castro | G24: 0 | H24: 0 | I24: 0
A25: SERRANO GAMARRA JUAN | B25: 373,137.11 | C25: 77764 | D25: 450901.59 | F25: Epherra | G25: 0 | H25: 0 | I25: 0
A26: EPHERRA | B26: 0 | C26: 9064 | D26: 9063.93 | F26: Serrano | G26: $503,000.79 | H26: 105292 | I26: 608292.79
A27: SCHVARZTMAN | B27: 0 | C27: 9062 | D27: 9062.35 | F27: Materiales | G27: 0 | H27: 0 | I27: 0
A28: MATERIALES | B28: 0 | C28: 2100 | D28: 2099.74 | F28: Melo | G28: $503,000.79 | H28: 105292 | I28: 608292.79
B29: 2083889 | C29: 524555 | D29: =SUM(D19:D28) -> 2608444.3 | F29: Harriague | G29: $321,370.21 | H29: 46308 | I29: 367678.21
F30: Quiroga | G30: $321,370.21 | H30: 46308 | I30: 367678.21
A31: Agosto | F31: Gogorza | G31: 0 | H31: 0 | I31: 0
B32: RN | C32: NQN | G32: 3659481.7 | H32: 725290 | I32: $4,384,771.66
A33: CONSIGLI ROBERTO CARLOS | B33: 499960.09 | C33: 98994 | D33: 598954.34
A34: GIOJA MARIO ERNESTO | B34: 499960.09 | C34: 99021 | D34: 598981.27
A35: GUDIÑO GABRIELA | B35: 499960.09 | C35: 99002 | D35: 598962.25
A36: GRANDE NADIA | B36: 313796.14 | C36: 83497 | D36: 397293.59
A37: MELO MAURO | B37: 499960.09 | C37: 99385 | D37: 599344.76
A38: SERRANO GAMARRA JUAN | B38: 499960.09 | C38: 99115 | D38: 599075.36
B39: =SUM(B33:B38) -> 2813596.6 | C39: =SUM(C33:C38) -> 579014 | D39: =SUM(D33:D38) -> 3392611.6
A41: Julio
A42: CONSIGLI ROBERTO CARLOS | B42: 325983.25 | C42: 130334 | D42: 456317.23 | J42: 0.1793
A43: GIOJA MARIO ERNESTO | B43: 325854.68 | C43: 129797 | D43: 455651.71 | J43: 0.179
A44: GRANDE NADIA | B44: 172146.27 | C44: 79291 | D44: 251437.15 | J44: 0.0988
A45: GUDIÑO GABRIELA | B45: 325983.25 | C45: 130139 | D45: 456121.78 | J45: 0.1792
A46: MATIAS SWCH | B46: 335.73 | C46: 4258 | D46: 4593.44 | J46: 0.0018
A47: EPHERRA JUAN | B47: 1285.69 | C47: 5371.89 | D47: 6657.58 | J47: 0.0026
A48: CASTRO MARIA FERNANDA | B48: 4549.02 | C48: 6184 | D48: 10733.52 | J48: 0.0042
A49: Serrano | B49: 325404.69 | C49: 127922 | D49: 453326.32 | J49: 0.1781
A50: Melo | B50: 324119 | C50: 122549 | D50: 446668.35 | J50: 0.1755
A51: Materiales | B51: 1373.1 | C51: 2655 | D51: 4027.86 | J51: 0.0016
B52: =SUM(B42:B51) -> 1807034.7 | C52: =SUM(C42:C51) -> 738500.89 | D52: =SUM(D42:D51) -> 2545534.9
A55: Junio
A56: Socio | B56: RN | C56: Nqn | D56: Total
A57: CONSIGLI ROBERTO CARLOS | B57: 350331.83 | C57: 129489 | D57: 479821.19
A58: GIOJA MARIO ERNESTO | B58: 350318.86 | C58: 128227 | D58: 478546.25
A59: GRANDE NADIA | B59: 86419.75 | C59: 43261 | D59: 129680.91
A60: GUDIÑO GABRIELA | B60: 350326.26 | C60: 129361 | D60: 479687.06
A61: MATIAS SWCH | B61: 92.61 | C61: 15405 | D61: 15497.54
A62: EPHERRA JUAN | B62: 129.84 | C62: 13529.23 | D62: 13659.07
A63: CASTRO MARIA FERNANDA | B63: 40281.68 | C63: 27754 | D63: 68036
A64: Serrano | B64: 350273.42 | C64: 112086 | D64: 462359.31
A65: Melo | B65: 350143.58 | C65: 109227 | D65: 459370.33
A66: Materiales | B66: 0 | C66: 1416 | D66: 1415.62
B67: =SUM(B57:B66) -> 1878317.8 | C67: =SUM(C57:C66) -> 709755.23 | D67: =SUM(D57:D66) -> 2588073.3
A69: Mayo
A70: CONSIGLI ROBERTO CARLOS | B70: 320699.98 | C70: 80037 | D70: 400736.62
A71: GIOJA MARIO ERNESTO | B71: 320657.8 | C71: 80018 | D71: 400675.6
A72: GRANDE NADIA | B72: 209173.29 | C72: 34743 | D72: 243915.94
A73: GUDIÑO GABRIELA | B73: 320657.8 | C73: 80299 | D73: 400957.13
A74: EPHERRA JUAN | B74: 421.8 | C74: 1254.64 | D74: 1676.44
A75: CASTRO MARIA FERNANDA | B75: 5210.26 | C75: 10083 | D75: 15293.65
A76: Serrano | B76: 320510.17 | C76: 78496 | D76: 399006.02
A77: Melo | B77: 320088.37 | C77: 79659 | D77: 399747.77
A78: Materiales | B78: 569.43 | C78: 930 | D78: 1499.01
B79: =SUM(B70:B78) -> 1817988.9 | C79: =SUM(C70:C78) -> 445519.64 | D79: =SUM(D70:D78) -> 2263508.2
A81: Abril
A82: Socio | B82: RN | C82: Nqn | D82: Total
A83: CONSIGLI ROBERTO CARLOS | B83: 261997.33 | C83: 153864 | D83: 415861.46
A84: GIOJA MARIO ERNESTO | B84: 256149.83 | C84: 151861 | D84: 408011.27
A85: GRANDE NADIA | B85: 250302.34 | C85: 149849 | D85: 400151.07
A86: GUDIÑO GABRIELA | B86: 256899.21 | C86: 152956 | D86: 409855.1
A87: SCHVARTZMAN MATIAS | B87: 9367.26 | C87: 6352 | D87: 15718.89
A88: EPHERRA JUAN | B88: 58475.01 | C88: 29086.45 | D88: 87561.46
A89: CASTRO MARIA FERNANDA | B89: 93477.86 | C89: 28534 | D89: 122011.87
A90: Serrano | B90: 235683.58 | C90: 144705 | D90: 380388.19
A91: Melo | B91: 177208.57 | C91: 127204 | D91: 304412.88
A92: Materiales | B92: 68824.63 | C92: 12261 | D92: 81085.93
B93: =SUM(B83:B92) -> 1668385.6 | C93: =SUM(C83:C92) -> 956672.45 | D93: =SUM(D83:D92) -> 2625058.1
A95: Marzo
A96: CONSIGLI ROBERTO CARLOS | B96: 250393.97 | C96: 60538.416 | D96: 310932.39
A97: GIOJA MARIO ERNESTO | B97: 237747.14 | C97: 61135.009 | D97: 298882.15
A98: GRANDE NADIA | B98: 224485.42 | C98: 61862.064 | D98: 286347.48
A99: GUDIÑO GABRIELA | B99: 249341.39 | C99: 60110.987 | D99: 309452.38
A100: SCHVARTZMAN MATIAS | B100: 221853.98 | C100: -6740.1581 | D100: 215113.82
A101: EPHERRA JUAN | B101: 195499.77 | C101: 1227.7418 | D101: 196727.51
A102: CASTRO MARIA FERNANDA | B102: 205398.71 | C102: 21753.722 | D102: 227152.43
A103: Serrano | B103: 186104.62 | C103: 65522.787 | D103: 251627.41
A104: Melo | C104: 70101.087 | D104: 70101.09
A105: Materiales | B105: 14209.81 | C105: 5770.2943 | D105: 19980.1
B106: =SUM(B96:B105) -> 1785034.8 | C106: =SUM(C96:C105) -> 401281.95 | D106: =SUM(D96:D105) -> 2186316.8
...
